event,date,url
UFC 1: The Beginning,1993-11-12,
UFC 2: No Way Out,1994-03-11,
UFC 3: The American Dream,1994-09-09,
UFC 4: Revenge of the Warriors,1994-12-16,
UFC 5: The Return of the Beast,1995-04-07,
UFC 6: Clash of the Titans,1995-07-14,
UFC 7: The Brawl in Buffalo,1995-09-08,
UFC - Ultimate Ultimate '95,1995-12-16,
UFC 8: David vs Goliath,1996-02-16,
UFC 9: Motor City Madness,1996-05-17,
UFC 10: The Tournament,1996-07-12,
UFC 11: The Proving Ground,1996-09-20,
UFC - Ultimate Ultimate '96,1996-12-07,
UFC 12: Judgement Day,1997-02-07,
UFC 13: The Ultimate Force,1997-05-30,
Brazil Open '97,1997-06-15,
UFC 14: Showdown,1997-07-27,
PRIDE 1,1997-10-11,
UFC 15: Collision Course,1997-10-17,
UFC - Ultimate Japan,1997-12-21,
PRIDE 2,1998-03-05,
UFC 16: Battle in the Bayou,1998-03-13,
UFC 17: Redemption,1998-05-15,
PRIDE 3,1998-06-24,
PRIDE 4,1998-10-11,
UFC - Ultimate Brazil,1998-10-16,
Vale Tudo Japan 1998,1998-10-25,
UFC 18: The Road to the Heavyweight Title,1999-01-08,
UFC 19: Ultimate Young Guns,1999-03-05,
PRIDE 5,1999-04-29,
UFC 20: Battle for the Gold,1999-05-07,
BRI 3,1999-06-01,
PRIDE 6,1999-07-04,
UFC 21: Return of the Champions,1999-07-16,
PRIDE 7,1999-09-12,
UFC 22: Only One Can be Champion,1999-09-24,
KOTC 1,1999-10-30,
UFC 23: Ultimate Japan 2,1999-11-19,
PRIDE 8,1999-11-21,
PRIDE Grand Prix 2000 Opening Round,2000-01-30,
UFC 24: First Defense,2000-03-10,
UFC 25: Ultimate Japan 3,2000-04-14,
PRIDE Grand Prix 2000 Finals,2000-05-01,
Meca 1,2000-05-27,
PRIDE 9: New Blood,2000-06-04,
UFC 26: Ultimate Field Of Dreams,2000-06-09,
EC 35,2000-06-29,
Meca 2,2000-08-12,
PRIDE 10: Return of the Warriors,2000-08-27,
UFC 27: Ultimate Bad Boyz,2000-09-22,
PRIDE 11: Battle of the Rising Sun,2000-10-31,
UFC 28: High Stakes,2000-11-17,
PRIDE 12: Cold Fury,2000-12-09,
Meca 4,2000-12-16,
UFC 29: Defense of the Belts,2000-12-16,
IFC - Warriors Challenge 11,2001-01-13,
UFC 30: Battle on the Boardwalk,2001-02-23,
Shooto - To the Top 2,2001-03-02,
PRIDE 13: Collision Course,2001-03-25,
UFC 31: Locked and Loaded,2001-05-04,
PRIDE 14: Clash of the Titans,2001-05-27,
Meca 5,2001-06-09,
UFC 32: Showdown in the Meadowlands,2001-06-29,
WEC 1: Princes of Pain,2001-06-30,
PRIDE 15: Raging Rumble,2001-07-29,
GC 5,2001-08-19,
K-1 2001 Japan GP Final,2001-08-19,
Shooto - To the Top 7,2001-08-26,
PRIDE 16: Beasts from the East,2001-09-24,
UFC 33: Victory in Vegas,2001-09-28,
UFC 34: High Voltage,2001-11-02,
PRIDE 17: Championship Chaos,2001-11-03,
WFA 1,2001-11-03,
PRIDE 18: Cold Fury 2,2001-12-23,
Inoki Bom-Ba-Ye 2001,2001-12-31,
UFC 35: Throwdown,2002-01-11,
UCC 7,2002-01-25,
Meca 6,2002-01-31,
PRIDE 19: Bad Blood,2002-02-24,
UFC 36: Worlds Collide,2002-03-22,
PRIDE 20: Armed and Ready,2002-04-28,
UFC 37: High Impact,2002-05-10,
WEC 3: All or Nothing,2002-06-07,
UCC 10,2002-06-15,
KOTC 14,2002-06-19,
KOTC 15: Bad Intentions,2002-06-22,
UFC 37.5: As Real As It Gets,2002-06-22,
PRIDE 21: Demolition,2002-06-23,
WFA 2,2002-07-05,
UFC 38: Brawl at the Hall,2002-07-13,
PRIDE The Best Vol.2,2002-07-20,
UFO - Legend,2002-08-08,
PRIDE Shockwave 2002,2002-08-28,
WEC 4: Rumble Under the Sun,2002-08-31,
UCC Hawaii,2002-09-17,
UFC 39: The Warriors Return,2002-09-27,
PRIDE 22: Beasts from the East 2,2002-09-29,
UCC 11,2002-10-11,
WEC 5: Halloween Fury,2002-10-18,
KOTC 17: San Jacinto,2002-10-19,
Meca 7,2002-11-08,
UFC 40: Vendetta,2002-11-22,
WFA 3,2002-11-23,
PRIDE 23: Championship Chaos 2,2002-11-24,
KOTC 20: Crossroads,2002-12-15,
PRIDE 24: Cold Fury 3,2002-12-23,
Inoki Bom-Ba-Ye 2002,2002-12-31,
UCC 12,2003-01-25,
UFC 41: Onslaught,2003-02-28,
PRIDE 25: Body Blow,2003-03-16,
WAFF 2,2003-03-22,
WEC 6: Return of a Legend,2003-03-27,
UFC 42: Sudden Impact,2003-04-25,
NJPW - Ultimate Crush,2003-05-02,
KOTC 23: Sin City,2003-05-16,
Meca 8,2003-05-16,
UFC 43: Meltdown,2003-06-06,
PRIDE 26: Bad to the Bone,2003-06-08,
KOTC 24: Mayhem,2003-06-14,
Meca 9,2003-08-01,
PRIDE Total Elimination 2003,2003-08-10,
IFC - Global Domination,2003-09-06,
Jungle Fight 1,2003-09-13,
UFC 44: Undisputed,2003-09-26,
PRIDE Bushido 1,2003-10-05,
ROTR 4,2003-10-10,
WEC 8: Halloween Fury 2,2003-10-17,
PRIDE Final Conflict 2003,2003-11-09,
UFC 45: Revolution,2003-11-21,
TKO 14,2003-11-29,
Heat FC 2,2003-12-18,
Inoki Bom-Ba-Ye 2003,2003-12-31,
PRIDE Shockwave 2003,2003-12-31,
WEC 9: Cold Blooded,2004-01-16,
UFC 46: Supernatural,2004-01-31,
PRIDE 27: Inferno,2004-02-01,
PRIDE Bushido 2,2004-02-15,
KOTC 33: After Shock,2004-02-20,
Mass Destruction 15,2004-02-21,
K-1 Beast 2004,2004-03-14,
UFC 47: It's On!,2004-04-02,
SuperBrawl 35,2004-04-16,
PRIDE Total Elimination 2004,2004-04-25,
FFC 9,2004-05-14,
Jungle Fight 2,2004-05-15,
WEC 10: Bragging Rights,2004-05-21,
K-1 ROMANEX,2004-05-22,
TKO 16,2004-05-22,
PRIDE Bushido 3,2004-05-23,
GC 26,2004-06-02,
GC 27,2004-06-03,
KOTC 36: Unfinished Business,2004-06-12,
UFC 48: Payback,2004-06-19,
PRIDE Critical Countdown 2004,2004-06-20,
Gladiator FC - Day 2,2004-06-27,
AFC 1,2004-07-14,
PRIDE Bushido 4,2004-07-19,
PRIDE Final Conflict 2004,2004-08-15,
WEC 11: Evolution,2004-08-20,
UFC 49: Unfinished Business,2004-08-21,
Cage Rage 8: Knights of the Octagon,2004-09-11,
PRIDE Bushido 5,2004-10-14,
WEC 12: Halloween Fury 3,2004-10-21,
UFC 50: The War Of '04,2004-10-22,
DEEP 16,2004-10-30,
PRIDE 28: High Octane,2004-10-31,
ROTR 6,2004-11-20,
SuperBrawl 38,2004-12-12,
K-1 Dynamite!! 2004,2004-12-31,
PRIDE Shockwave 2004,2004-12-31,
WEC 13: Heavyweight Explosion,2005-01-22,
Shooto 2005 1/29,2005-01-29,
TKO 19,2005-01-29,
UFC 51: Super Saturday,2005-02-05,
PRIDE 29: Fists Of Fire,2005-02-20,
K-1 Hero's 1,2005-03-26,
PRIDE Bushido 6,2005-04-03,
The Ultimate Fighter: Team Couture vs. Team Liddell Finale,2005-04-09,
UFC 52: Couture vs Liddell 2,2005-04-16,
PRIDE Total Elimination 2005,2005-04-23,
Cage Rage 11: Face Off,2005-04-30,
WEC 15: Judgment Day,2005-05-19,
PRIDE Bushido 7,2005-05-22,
UFC 53: Heavy Hitters,2005-06-04,
PRIDE Critical Countdown 2005,2005-06-26,
K-1 Hero's 2,2005-07-06,
Freedom Fight - Canada vs. USA,2005-07-09,
K-1 World Grand Prix Hawaii,2005-07-09,
CWFC - Strike Force 2,2005-07-16,
PRIDE Bushido 8,2005-07-17,
UFC Fight Night 1,2005-08-06,
WEC 16: Clash of the Titans 2,2005-08-18,
UFC 54: Boiling Point,2005-08-20,
PRIDE Final Conflict 2005,2005-08-28,
Predator FC 1,2005-09-10,
PRIDE Bushido 9: The Tournament,2005-09-25,
CWFC - Strike Force 3,2005-10-01,
UFC Fight Night 2,2005-10-03,
UFC 55: Fury,2005-10-07,
Bushido Europe - Rotterdam Rumble,2005-10-09,
K-1 World MAX 2005 Champions Challenge,2005-10-12,
WEC 17: Halloween Fury 4,2005-10-14,
PRIDE 30: Fully Loaded,2005-10-23,
K-1 Hero's Seoul,2005-11-05,
The Ultimate Fighter: Team Hughes vs. Team Franklin Finale,2005-11-05,
Shooto 2005 11/6,2005-11-06,
UFC 56: Full Force,2005-11-19,
CWFC - Strike Force 4,2005-11-26,
DEEP 22,2005-12-02,
Cage Rage 14: Punishment,2005-12-03,
Shooto Brazil 9,2005-12-03,
PRIDE Shockwave 2005,2005-12-31,
WEC 18: Unfinished Business,2006-01-13,
UFC Fight Night 3,2006-01-16,
ROTR 8,2006-01-20,
UFC 57: Liddell vs Couture 3,2006-02-04,
PRIDE 31: Unbreakable,2006-02-26,
UFC 58: USA vs Canada,2006-03-04,
Strikeforce - Shamrock vs. Gracie,2006-03-10,
K-1 Hero's 4,2006-03-15,
WEC 19: Undisputed,2006-03-17,
"WCFC - No Guts, No Glory",2006-03-18,
PRIDE Bushido 10,2006-04-02,
UFC Fight Night 4,2006-04-06,
UFC 59: Reality Check,2006-04-15,
ROTR 9,2006-04-21,
Cage Rage 16: Critical Condition,2006-04-22,
IFL - Legends Championship 2006,2006-04-29,
Jungle Fight 6,2006-04-29,
K-1 Hero's 5,2006-05-03,
PRIDE Total Elimination Absolute,2006-05-05,
WEC 20: Cinco de Mayhem,2006-05-05,
UFC 60: Hughes vs Gracie,2006-05-27,
PRIDE Bushido 11,2006-06-04,
Strikeforce - Revenge,2006-06-09,
WEF 6/10,2006-06-10,
WEC 21: Tapout,2006-06-15,
The Ultimate Fighter: Team Ortiz vs. Team Shamrock Finale,2006-06-24,
UFC Fight Night 5,2006-06-28,
PRIDE Critical Countdown Absolute,2006-07-01,
UFC 61: Bitter Rivals,2006-07-08,
WFA - King of the Streets,2006-07-22,
WEC 22: The Hitmen,2006-07-28,
K-1 Hero's 6,2006-08-05,
UFC Fight Night 6,2006-08-17,
WEC 23: Hot August Fights,2006-08-17,
UFC 62: Liddell vs Sobral,2006-08-26,
PRIDE Bushido 12,2006-08-27,
PRIDE Final Conflict Absolute,2006-09-10,
WPFC 1,2006-09-15,
IFL - Gracie vs. Miletich,2006-09-23,
UFC 63: Hughes vs Penn,2006-09-23,
Fury FC 1,2006-09-27,
Strikeforce - Tank vs. Buentello,2006-10-07,
K-1 Hero's 7,2006-10-09,
Ortiz vs Shamrock 3: The Final Chapter,2006-10-10,
WEC 24: Full Force,2006-10-12,
Shooto - Champion Carnival,2006-10-14,
UFC 64: Unstoppable,2006-10-14,
PRIDE 32: The Real Deal,2006-10-21,
PRIDE Bushido 13,2006-11-05,
Show Fight 5,2006-11-09,
The Ultimate Fighter: The Comeback Finale,2006-11-11,
2H2H - Pride & Honor,2006-11-12,
UFC 65: Bad Intentions,2006-11-18,
Storm Samurai 12,2006-11-25,
Fury FC 2,2006-11-30,
Strikeforce - Triple Threat,2006-12-08,
UFC Fight Night: Sanchez vs Riggs,2006-12-13,
BodogFight - St. Petersburg,2006-12-16,
IFL - Championship Final,2006-12-29,
UFC 66: Liddell vs Ortiz 2,2006-12-30,
K-1 Dynamite!! 2006,2006-12-31,
PRIDE Shockwave 2006,2006-12-31,
WEC 25: McCullough vs. Cope,2007-01-20,
UFC Fight Night: Evans vs Salmon,2007-01-25,
UFC 67: All or Nothing,2007-02-03,
EliteXC - Destiny,2007-02-10,
Strikeforce - Young Guns,2007-02-10,
Shooto - Back to Our Roots 1,2007-02-17,
BodogFight - Costa Rica 2/18,2007-02-18,
PRIDE 33: The Second Coming,2007-02-24,
Pancrase - Rising 2,2007-02-28,
UFC 68: The Uprising,2007-03-03,
Floripa Fight 4,2007-03-10,
K-1 Hero's 8,2007-03-12,
WEC 26: Condit vs. Alessio,2007-03-24,
UFC Fight Night: Stevenson vs Guillard,2007-04-05,
IFL - Moline,2007-04-07,
UFC 69: Shootout,2007-04-07,
PRIDE 34: Kamikaze,2007-04-08,
BodogFight - Clash of Nations,2007-04-14,
Cage Rage 21: Judgement Day,2007-04-21,
UFC 70: Nations Collide,2007-04-21,
WEC 27: Marshall vs. McElfresh,2007-05-12,
UFC 71: Liddell vs Jackson,2007-05-26,
TKO 29,2007-06-01,
K-1 Dynamite!! USA,2007-06-02,
WEC 28: Faber vs. Farrar,2007-06-03,
UFC Fight Night: Stout vs Fisher,2007-06-12,
UFC 72: Victory,2007-06-16,
Strikeforce - Shamrock vs. Baroni,2007-06-22,
K-1 - World GP 2007 in Amsterdam,2007-06-23,
The Ultimate Fighter: Team Pulver vs. Team Penn Finale,2007-06-23,
UFC 73: Stacked,2007-07-07,https://www.bestfightodds.com/events/ufc-73-stacked-1
EliteXC - ShoXC 1,2007-07-27,
IFL - 2007 Semifinals,2007-08-02,
Fury FC 4: High Voltage,2007-08-04,
WEC 29: Condit vs. Larson,2007-08-05,
UFC 74: Respect,2007-08-25,https://www.bestfightodds.com/events/ufc-74-respect-7
WEC 30: McCullough vs. Crunkilton,2007-09-05,
UFC 75: Champion vs Champion,2007-09-08,https://www.bestfightodds.com/events/ufc-75-champion-vs-champion-6
EliteXC - Uprising,2007-09-15,https://www.bestfightodds.com/events/elitexc-uprising-18
K-1 Hero's 10,2007-09-17,
UFC Fight Night: Thomas vs Florian,2007-09-19,https://www.bestfightodds.com/events/ufc-fight-night-11-thomas-vs-florian-13
IFL - 2007 Team Championship Final,2007-09-20,
Cage Rage 23: Unbelievable,2007-09-22,
UFC 76: Knockout,2007-09-22,https://www.bestfightodds.com/events/ufc-76-knockout-12
Strikeforce - Playboy Mansion,2007-09-29,
HCF - Title Wave,2007-10-19,
UFC 77: Hostile Territory,2007-10-20,https://www.bestfightodds.com/events/ufc-77-hostile-territory-10
K-1 Hero's Korea 2007,2007-10-28,
IFL - World Grand Prix Semifinals,2007-11-03,
EliteXC - Renegade,2007-11-10,
"Strikeforce - Four Men Enter, One Man Survives",2007-11-16,
UFC 78: Validation,2007-11-17,https://www.bestfightodds.com/events/ufc-78-validation-14
Fury FC 5: Final Conflict,2007-12-06,
The Ultimate Fighter: Team Hughes vs. Team Serra Finale,2007-12-08,https://www.bestfightodds.com/events/ufc-the-ultimate-fighter-6-finale-8
WEC 31: Faber vs. Curran,2007-12-12,https://www.bestfightodds.com/events/wec-31-faber-vs-curran-33
UFC 79: Nemesis,2007-12-29,https://www.bestfightodds.com/events/ufc-79-nemesis-22
K-1 Dynamite!! 2007,2007-12-31,
Yarrenoka! - New Year's Eve 2007,2007-12-31,
UFC 80: Rapid Fire,2008-01-19,https://www.bestfightodds.com/events/ufc-80-rapid-fire-27
UFC Fight Night: Swick vs Burkman,2008-01-23,https://www.bestfightodds.com/events/ufc-fight-night-12-swick-vs-burkman-36
EliteXC - ShoXC 4,2008-01-25,
HCF - Destiny,2008-02-01,
Strikeforce - Young Guns 2,2008-02-01,
UFC 81: Breaking Point,2008-02-02,https://www.bestfightodds.com/events/ufc-81-breaking-point-28
WEC 32: Condit vs. Prater,2008-02-13,https://www.bestfightodds.com/events/wec-32-43
EliteXC - Street Certified,2008-02-16,https://www.bestfightodds.com/events/elitexc-street-certified-41
Strikeforce - At the Dome,2008-02-23,https://www.bestfightodds.com/events/strikeforce-strikeforce-at-the-dome-51
UFC 82: Pride of a Champion,2008-03-01,https://www.bestfightodds.com/events/ufc-82-pride-of-a-champion-30
M-1 - Slamm,2008-03-02,
Sengoku - First Battle,2008-03-05,https://www.bestfightodds.com/events/wvr-sengoku-first-battle-48
DREAM 1: Lightweight Grand Prix 2008 1st Round,2008-03-15,https://www.bestfightodds.com/events/dream-1-49
WEC 33: Marshall vs. Stann,2008-03-26,https://www.bestfightodds.com/events/wec-33-50
Strikeforce - Shamrock vs. Le,2008-03-29,https://www.bestfightodds.com/events/strikeforce-shamrock-vs-le-35
UFC Fight Night: Florian vs Lauzon,2008-04-02,https://www.bestfightodds.com/events/ufc-fight-night-13-florian-vs-lauzon-44
UFC 83: Serra vs St-Pierre 2,2008-04-19,https://www.bestfightodds.com/events/ufc-83-serra-vs-st-pierre-2-40
DREAM 2: Middleweight Grand Prix 2008 1st Round,2008-04-29,https://www.bestfightodds.com/events/dream-2-66
DREAM 3: Lightweight Grand Prix 2008 2nd Round,2008-05-11,https://www.bestfightodds.com/events/dream-3-68
IFL - Connecticut 2008,2008-05-16,https://www.bestfightodds.com/events/ifl-new-blood-new-battles-74
Sengoku - Second Battle,2008-05-18,https://www.bestfightodds.com/events/wvr-sengoku-second-battle-71
UFC 84: Ill Will,2008-05-24,https://www.bestfightodds.com/events/ufc-84-ill-will-47
EliteXC - Primetime,2008-05-31,https://www.bestfightodds.com/events/elitexc-primetime-67
WEC 34: Faber vs. Pulver,2008-06-01,https://www.bestfightodds.com/events/wec-34-faber-vs-pulver-63
UFC 85: Bedlam,2008-06-07,https://www.bestfightodds.com/events/ufc-85-bedlam-46
EliteXC - Return of the King,2008-06-14,https://www.bestfightodds.com/events/elitexc-return-of-the-king-77
DREAM 4: Middleweight Grand Prix 2008 2nd Round,2008-06-15,https://www.bestfightodds.com/events/dream-4-73
The Ultimate Fighter: Team Rampage vs Team Forrest Finale,2008-06-21,https://www.bestfightodds.com/events/ufc-the-ultimate-fighter-7-finale-70
Strikeforce - Melendez vs. Thomson,2008-06-27,https://www.bestfightodds.com/events/strikeforce-melendez-vs-thomson-72
UFC 86: Jackson vs Griffin,2008-07-05,https://www.bestfightodds.com/events/ufc-86-jackson-vs-griffin-53
Affliction - Banned,2008-07-19,https://www.bestfightodds.com/events/affliction-1-banned-69
UFC: Silva vs Irvin,2008-07-19,https://www.bestfightodds.com/events/ufc-fight-night-14-silva-vs-irvin-83
DREAM 5: Lightweight Grand Prix 2008 Final Round,2008-07-21,https://www.bestfightodds.com/events/dream-5-82
EliteXC - Unfinished Business,2008-07-26,https://www.bestfightodds.com/events/elitexc-unfinished-business-85
WEC 35: Condit vs. Miura,2008-08-03,https://www.bestfightodds.com/events/wec-35-78
UFC 87: Seek And Destroy,2008-08-09,https://www.bestfightodds.com/events/ufc-87-seek-and-destroy-57
UFC 88: Breakthrough,2008-09-06,https://www.bestfightodds.com/events/ufc-88-breakthrough-80
Strikeforce - Young Guns 3,2008-09-13,
UFC Fight Night: Diaz vs Neer,2008-09-17,https://www.bestfightodds.com/events/ufc-fight-night-15-diaz-vs-neer-84
Strikeforce - At the Mansion 2,2008-09-20,https://www.bestfightodds.com/events/strikeforce-at-the-mansion-2-94
DREAM 6: Middleweight Grand Prix 2008 Final Round,2008-09-23,https://www.bestfightodds.com/events/dream-6-96
Sengoku - Fifth Battle,2008-09-28,https://www.bestfightodds.com/events/wvr-sengoku-fifth-battle-99
Strikeforce - Payback,2008-10-03,https://www.bestfightodds.com/events/strikeforce-payback-100
EliteXC - Heat,2008-10-04,https://www.bestfightodds.com/events/elitexc-heat-97
UFC 89: Bisping vs Leben,2008-10-18,https://www.bestfightodds.com/events/ufc-89-bisping-vs-leben-86
UFC 90: Silva vs Cote,2008-10-25,https://www.bestfightodds.com/events/ufc-90-silva-vs-cote-92
Sengoku - Sixth Battle,2008-11-01,https://www.bestfightodds.com/events/wvr-sengoku-sixth-battle-113
WEC 36: Faber vs. Brown,2008-11-05,https://www.bestfightodds.com/events/wec-36-faber-vs-brown-79
Ultimate Glory 10: The Battle of Arnhem,2008-11-09,
UFC 91: Couture vs Lesnar,2008-11-15,https://www.bestfightodds.com/events/ufc-91-couture-vs-lesnar-98
Strikeforce - Destruction,2008-11-21,https://www.bestfightodds.com/events/strikeforce-destruction-112
WEC 37: Torres vs. Tapia,2008-12-03,https://www.bestfightodds.com/events/wec-37-torres-vs-tapia-115
UFC Fight Night - Fight for the Troops,2008-12-10,https://www.bestfightodds.com/events/ufc-fight-night-16-fight-for-the-troops-111
Adrenaline MMA 2: Miletich vs. Denny,2008-12-11,
The Ultimate Fighter: Team Nogueira vs. Team Mir Finale,2008-12-13,https://www.bestfightodds.com/events/ufc-the-ultimate-fighter-8-finale-120
UFC 92: The Ultimate 2008,2008-12-27,https://www.bestfightodds.com/events/ufc-92-the-ultimate-2008-95
Dynamite!! 2008,2008-12-31,https://www.bestfightodds.com/events/fields-dynamite-2008-116
Sengoku - no Ran 2009,2009-01-04,https://www.bestfightodds.com/events/wvr-sengoku-no-ran-119
UFC 93: Franklin vs Henderson,2009-01-17,https://www.bestfightodds.com/events/ufc-93-franklin-vs-henderson-105
Affliction - Day of Reckoning,2009-01-24,https://www.bestfightodds.com/events/affliction-2-day-of-reckoning-90
WEC 38: Varner vs. Cerrone,2009-01-25,https://www.bestfightodds.com/events/wec-38-varner-vs-cerrone-122
UFC 94: St-Pierre vs Penn 2,2009-01-31,https://www.bestfightodds.com/events/ufc-94-st-pierre-vs-penn-2-107
UFC Fight Night: Lauzon vs Stephens,2009-02-07,https://www.bestfightodds.com/events/ufc-fight-night-17-lauzon-vs-stephens-123
UFC 95: Sanchez vs Stevenson,2009-02-21,https://www.bestfightodds.com/events/ufc-95-sanchez-vs-stevenson-121
WEC 39: Brown vs. Garcia,2009-03-01,https://www.bestfightodds.com/events/wec-39-brown-vs-garcia-127
UFC 96: Jackson vs Jardine,2009-03-07,https://www.bestfightodds.com/events/ufc-96-jackson-vs-jardine-125
DREAM 7: Featherweight Grand Prix 2009 1st Round,2009-03-08,https://www.bestfightodds.com/events/dream-7-144
Sengoku - Seventh Battle,2009-03-20,https://www.bestfightodds.com/events/wvr-sengoku-seventh-battle-133
Ultimate Gladiators,2009-03-29,
UFC Fight Night: Condit vs Kampmann,2009-04-01,https://www.bestfightodds.com/events/ufc-fight-night-18-condit-vs-kampmann-129
DREAM 8: Welterweight Grand Prix 2009 1st Round,2009-04-05,https://www.bestfightodds.com/events/dream-8-151
WEC 40: Torres vs. Mizugaki,2009-04-05,https://www.bestfightodds.com/events/wec-40-torres-vs-mizugaki-128
Strikeforce - Shamrock vs. Diaz,2009-04-11,https://www.bestfightodds.com/events/strikeforce-shamrock-vs-diaz-134
UFC 97: Redemption,2009-04-18,https://www.bestfightodds.com/events/ufc-97-redemption-126
WFC 8: D-Day,2009-04-18,
Jungle Fight 13,2009-05-09,
Strikeforce Challengers 1,2009-05-15,https://www.bestfightodds.com/events/sho-mma-aina-vs-evangelista-160
UFC 98: Evans vs Machida,2009-05-23,https://www.bestfightodds.com/events/ufc-98-evans-vs-machida-132
DREAM 9: Featherweight Grand Prix 2009 2nd Round,2009-05-26,https://www.bestfightodds.com/events/dream-9-155
Strikeforce - Lawler vs. Shields,2009-06-06,https://www.bestfightodds.com/events/strikeforce-shields-vs-lawler-152
WEC 41: Brown vs. Faber 2,2009-06-07,https://www.bestfightodds.com/events/wec-41-brown-vs-faber-2-154
UFC 99: The Comeback,2009-06-13,https://www.bestfightodds.com/events/ufc-99-the-comeback-136
Strikeforce Challengers 2,2009-06-19,https://www.bestfightodds.com/events/strikeforce-challengers-santos-vs-villasenor-161
The Ultimate Fighter: United States vs. United Kingdom Finale,2009-06-20,https://www.bestfightodds.com/events/ufc-the-ultimate-fighter-9-finale-147
UFC 100,2009-07-11,https://www.bestfightodds.com/events/ufc-100-137
DREAM 10: Welterweight Grand Prix 2009 Final Round,2009-07-20,https://www.bestfightodds.com/events/dream-10-174
UFC 101: Declaration,2009-08-08,https://www.bestfightodds.com/events/ufc-101-declaration-145
WEC 42: Torres vs. Bowles,2009-08-09,https://www.bestfightodds.com/events/wec-42-torres-vs-bowles-175
Strikeforce - Carano vs. Cyborg,2009-08-15,https://www.bestfightodds.com/events/strikeforce-carano-vs-cyborg-182
M-1 Global - Breakthrough,2009-08-28,https://www.bestfightodds.com/events/m-1-global-breakthrough-198
UFC 102: Couture vs Nogueira,2009-08-29,https://www.bestfightodds.com/events/ufc-102-couture-vs-nogueira-156
UFC Fight Night: Diaz vs Guillard,2009-09-16,https://www.bestfightodds.com/events/ufc-fight-night-19-148
UFC 103: Franklin vs Belfort,2009-09-19,https://www.bestfightodds.com/events/ufc-103-franklin-vs-belfort-168
Strikeforce Challengers 3,2009-09-25,https://www.bestfightodds.com/events/strikeforce-challengers-kennedy-vs-cummings-203
DREAM 11: Featherweight Grand Prix 2009 Final Round,2009-10-06,https://www.bestfightodds.com/events/dream-11-190
WEC 43: Cerrone vs. Henderson,2009-10-10,https://www.bestfightodds.com/events/wec-43-cerrone-vs-henderson-193
Ultimate Glory 11: A Decade of Fights,2009-10-17,
UFC 104: Machida vs Shogun,2009-10-24,https://www.bestfightodds.com/events/ufc-104-machida-vs-rua-185
DREAM 12,2009-10-25,https://www.bestfightodds.com/events/dream-12-192
Strikeforce Challengers 4,2009-11-06,https://www.bestfightodds.com/events/strikeforce-challengers-iv-evangelista-vs-gurgel-200
Strikeforce - Fedor vs. Rogers,2009-11-07,https://www.bestfightodds.com/events/strikeforce-fedor-vs-rogers-216
UFC 105: Couture vs Vera,2009-11-14,https://www.bestfightodds.com/events/ufc-105-couture-vs-vera-201
WEC 44: Brown vs. Aldo,2009-11-18,https://www.bestfightodds.com/events/wec-44-brown-vs-aldo-194
Strikeforce Challengers 5,2009-11-20,
UFC 106: Ortiz vs Griffin 2,2009-11-21,https://www.bestfightodds.com/events/ufc-106-ortiz-vs-griffin-2-209
The Ultimate Fighter: Heavyweights Finale,2009-12-05,https://www.bestfightodds.com/events/ufc-the-ultimate-fighter-10-finale-210
UFC 107: Penn vs Sanchez,2009-12-12,https://www.bestfightodds.com/events/ufc-107-penn-vs-sanchez-189
Strikeforce - Evolution,2009-12-19,https://www.bestfightodds.com/events/strikeforce-evolution-233
WEC 45: Cerrone vs. Ratcliff,2009-12-19,https://www.bestfightodds.com/events/wec-45-cerrone-vs-ratcliff-227
Dynamite!! 2009,2009-12-31,https://www.bestfightodds.com/events/fields-dynamite-2009-223
UFC 108: Evans vs Silva,2010-01-02,https://www.bestfightodds.com/events/ufc-108-evans-vs-silva-219
WEC 46: Varner vs. Henderson,2010-01-10,https://www.bestfightodds.com/events/wec-46-varner-vs-henderson-232
UFC Fight Night: Maynard vs Diaz,2010-01-11,https://www.bestfightodds.com/events/ufc-fight-night-20-maynard-vs-diaz-224
Strikeforce - Miami,2010-01-30,https://www.bestfightodds.com/events/strikeforce-miami-243
UFC 109: Relentless,2010-02-06,https://www.bestfightodds.com/events/ufc-109-relentless-226
UFC 110: Nogueira vs Velasquez,2010-02-20,https://www.bestfightodds.com/events/ufc-110-nogueira-vs-velasquez-225
Strikeforce Challengers 6,2010-02-26,https://www.bestfightodds.com/events/strikeforce-challengers-vi-kaufman-vs-hashi-250
WEC 47: Bowles vs. Cruz,2010-03-06,https://www.bestfightodds.com/events/wec-47-bowles-vs-cruz-241
UFC Live: Vera vs Jones,2010-03-21,https://www.bestfightodds.com/events/ufc-on-versus-1-vera-vs-jones-242
DREAM 13,2010-03-22,https://www.bestfightodds.com/events/dream-13-254
Strikeforce Challengers 7,2010-03-26,https://www.bestfightodds.com/events/strikeforce-challengers-vii-johnson-vs-mahe-253
UFC 111: St-Pierre vs Hardy,2010-03-27,https://www.bestfightodds.com/events/ufc-111-st-pierre-vs-hardy-236
UFC Fight Night: Florian vs Gomi,2010-03-31,https://www.bestfightodds.com/events/ufc-fight-night-21-florian-vs-gomi-246
UFC 112: Invincible,2010-04-10,https://www.bestfightodds.com/events/ufc-112-invincible-245
Strikeforce - Nashville,2010-04-17,https://www.bestfightodds.com/events/strikeforce-nashville-244
WEC 48: Aldo vs. Faber,2010-04-24,https://www.bestfightodds.com/events/wec-48-aldo-vs-faber-257
UFC 113: Machida vs Shogun 2,2010-05-08,https://www.bestfightodds.com/events/ufc-113-machida-vs-shogun-ii-247
Strikeforce - Heavy Artillery,2010-05-15,https://www.bestfightodds.com/events/strikeforce-st-louis-heavy-artillery-261
Strikeforce Challengers 8,2010-05-21,https://www.bestfightodds.com/events/strikeforce-challengers-viii-274
DREAM 14,2010-05-29,https://www.bestfightodds.com/events/dream-14-279
UFC 114: Rampage vs Evans,2010-05-29,https://www.bestfightodds.com/events/ufc-114-jackson-vs-evans-256
UFC 115: Liddell vs Franklin,2010-06-12,https://www.bestfightodds.com/events/ufc-115-liddell-vs-franklin-255
Strikeforce - Los Angeles,2010-06-16,https://www.bestfightodds.com/events/strikeforce-los-angeles-282
The Ultimate Fighter: Team Liddell vs Team Ortiz Finale,2010-06-19,https://www.bestfightodds.com/events/ufc-the-ultimate-fighter-11-finale-262
WEC 49: Varner vs. Shalorus,2010-06-20,https://www.bestfightodds.com/events/wec-49-varner-vs-shalorus-264
Strikeforce - Fedor vs. Werdum,2010-06-26,https://www.bestfightodds.com/events/strikeforce-fedor-vs-werdum-280
UFC 116: Lesnar vs Carwin,2010-07-03,https://www.bestfightodds.com/events/ufc-116-lesnar-vs-carwin-265
DREAM 15,2010-07-10,https://www.bestfightodds.com/events/dream-15-273
Impact FC 1,2010-07-10,
Strikeforce Challengers 9,2010-07-23,https://www.bestfightodds.com/events/strikeforce-challengers-9-298
UFC Live: Jones vs Matyushenko,2010-08-01,https://www.bestfightodds.com/events/ufc-on-versus-2-281
UFC 117: Silva vs Sonnen,2010-08-07,https://www.bestfightodds.com/events/ufc-117-silva-vs-sonnen-276
Strikeforce Challengers 10,2010-08-13,https://www.bestfightodds.com/events/strikeforce-challengers-10-307
WEC 50: Cruz vs. Benavidez,2010-08-18,https://www.bestfightodds.com/events/wec-50-cruz-vs-benavidez-299
Strikeforce - Houston,2010-08-21,https://www.bestfightodds.com/events/strikeforce-houston-304
UFC 118: Edgar vs Penn 2,2010-08-28,https://www.bestfightodds.com/events/ufc-118-edgar-vs-penn-2-278
UFC Fight Night: Marquardt vs Palhares,2010-09-15,https://www.bestfightodds.com/events/ufc-fight-night-22-marquardt-vs-palhares-295
DREAM 16,2010-09-25,https://www.bestfightodds.com/events/dream-16-269
UFC 119: Mir vs Cro Cop,2010-09-25,https://www.bestfightodds.com/events/ufc-119-mir-vs-cro-cop-296
WEC 51: Aldo vs. Gamburyan,2010-09-30,https://www.bestfightodds.com/events/wec-51-aldo-vs-gamburyan-306
Strikeforce - Diaz vs. Noons 2,2010-10-09,https://www.bestfightodds.com/events/strikeforce-diaz-vs-noons-ii-324
UFC 120: Bisping vs Akiyama,2010-10-16,https://www.bestfightodds.com/events/ufc-120-bisping-vs-akiyama-294
Strikeforce Challengers 11,2010-10-22,https://www.bestfightodds.com/events/strikeforce-challengers-11-333
UFC 121: Lesnar vs Velasquez,2010-10-23,https://www.bestfightodds.com/events/ufc-121-lesnar-vs-velasquez-308
DEEP 50 - Impact,2010-10-24,
WEC 52: Faber vs. Mizugaki,2010-11-11,https://www.bestfightodds.com/events/wec-52-faber-vs-mizugaki-329
UFC 122: Marquardt vs Okami,2010-11-13,https://www.bestfightodds.com/events/ufc-122-marquardt-vs-okami-323
Strikeforce Challengers 12,2010-11-19,https://www.bestfightodds.com/events/strikeforce-challengers-12-341
UFC 123: Rampage vs Machida,2010-11-20,https://www.bestfightodds.com/events/ufc-123-rampage-vs-machida-317
Strikeforce - Henderson vs. Babalu,2010-12-04,https://www.bestfightodds.com/events/strikeforce-henderson-vs-babalu-335
The Ultimate Fighter: Team GSP vs Team Koscheck Finale,2010-12-04,https://www.bestfightodds.com/events/ufc-the-ultimate-fighter-12-finale-330
UFC 124: St-Pierre vs Koscheck 2,2010-12-11,https://www.bestfightodds.com/events/ufc-124-st-pierre-vs-koscheck-ii-313
WEC 53: Henderson vs. Pettis,2010-12-16,https://www.bestfightodds.com/events/wec-53-334
Dynamite!! 2010,2010-12-31,https://www.bestfightodds.com/events/dream-dynamite-2010-347
UFC 125: Resolution,2011-01-01,https://www.bestfightodds.com/events/ufc-125-resolution-332
Strikeforce Challengers 13,2011-01-07,https://www.bestfightodds.com/events/strikeforce-challengers-13-349
UFC Fight Night: Fight for the Troops 2,2011-01-22,https://www.bestfightodds.com/events/ufc-fight-night-23-fight-for-the-troops-ii-342
Strikeforce - Diaz vs. Cyborg,2011-01-29,https://www.bestfightodds.com/events/strikeforce-diaz-vs-cyborg-353
UFC 126: Silva vs Belfort,2011-02-05,https://www.bestfightodds.com/events/ufc-126-silva-vs-belfort-338
Strikeforce - Fedor vs. Silva,2011-02-12,https://www.bestfightodds.com/events/strikeforce-fedor-vs-silva-356
Strikeforce Challengers 14,2011-02-18,https://www.bestfightodds.com/events/strikeforce-challengers-14-359
UFC 127: Penn vs Fitch,2011-02-26,https://www.bestfightodds.com/events/ufc-127-penn-vs-fitch-344
UFC Live: Sanchez vs Kampmann,2011-03-03,https://www.bestfightodds.com/events/ufc-on-versus-3-sanchez-vs-kampmann-351
Strikeforce - Feijao vs. Henderson,2011-03-05,https://www.bestfightodds.com/events/strikeforce-feijao-vs-henderson-361
UFC 128: Shogun vs Jones,2011-03-19,https://www.bestfightodds.com/events/ufc-128-shogun-vs-jones-346
UFC Fight Night: Nogueira vs Davis,2011-03-26,https://www.bestfightodds.com/events/ufc-fight-night-24-nogueira-vs-davis-354
Strikeforce Challengers 15,2011-04-01,https://www.bestfightodds.com/events/strikeforce-challengers-15-wilcox-vs-damm-376
Strikeforce - Diaz vs. Daley,2011-04-09,https://www.bestfightodds.com/events/strikeforce-diaz-vs-daley-374
UFC 129: St-Pierre vs Shields,2011-04-30,https://www.bestfightodds.com/events/ufc-129-st-pierre-vs-shields-352
UFC 130: Rampage vs Hamill,2011-05-28,https://www.bestfightodds.com/events/ufc-130-rampage-vs-hamill-357
DREAM - Fight for Japan,2011-05-29,https://www.bestfightodds.com/events/dream-fight-for-japan-393
The Ultimate Fighter: Team Lesnar vs Team dos Santos Finale,2011-06-04,https://www.bestfightodds.com/events/ufc-the-ultimate-fighter-13-finale-362
UFC 131: Dos Santos vs Carwin,2011-06-11,https://www.bestfightodds.com/events/ufc-131-carwin-vs-dos-santos-358
Strikeforce - Overeem vs. Werdum,2011-06-18,https://www.bestfightodds.com/events/strikeforce-overeem-vs-werdum-375
Strikeforce Challengers 16,2011-06-24,https://www.bestfightodds.com/events/strikeforce-challengers-16-fodor-vs-terry-400
UFC Live: Kongo vs Barry,2011-06-26,https://www.bestfightodds.com/events/ufc-on-versus-4-379
UFC 132: Cruz vs Faber,2011-07-02,https://www.bestfightodds.com/events/ufc-132-cruz-vs-faber-381
DREAM - Japan GP Final,2011-07-16,https://www.bestfightodds.com/events/dream-17-409
Strikeforce Challengers 17,2011-07-22,https://www.bestfightodds.com/events/strikeforce-challengers-17-voelker-vs-bowling-ii-408
Titan Fighting Championship 19,2011-07-29,https://www.bestfightodds.com/events/titan-fighting-championship-19-427
Strikeforce - Fedor vs. Henderson,2011-07-30,https://www.bestfightodds.com/events/strikeforce-fedor-vs-henderson-388
UFC 133: Evans vs Ortiz 2,2011-08-06,https://www.bestfightodds.com/events/ufc-133-evans-vs-ortiz-2-390
Strikeforce Challengers 18,2011-08-12,https://www.bestfightodds.com/events/strikeforce-challengers-18-420
UFC Live: Hardy vs Lytle,2011-08-14,https://www.bestfightodds.com/events/ufc-on-versus-5-hardy-vs-lytle-399
ProElite 1: Arlovski vs. Lopez,2011-08-27,
UFC 134: Silva vs Okami,2011-08-27,https://www.bestfightodds.com/events/ufc-134-silva-vs-okami-389
Strikeforce - Barnett vs. Kharitonov,2011-09-10,https://www.bestfightodds.com/events/strikeforce-grand-prix-barnett-vs-kharitonov-411
UFC Fight Night: Shields vs Ellenberger,2011-09-17,https://www.bestfightodds.com/events/ufc-fight-night-25-battle-on-the-bayou-406
Strikeforce Challengers 19,2011-09-23,https://www.bestfightodds.com/events/strikeforce-challengers-19-larkin-vs-rossborough-438
DREAM 17,2011-09-24,https://www.bestfightodds.com/events/dream-17-world-bantamweight-gp-432
UFC 135: Jones vs Rampage,2011-09-24,https://www.bestfightodds.com/events/ufc-135-jones-vs-rampage-417
UFC Live: Cruz vs Johnson,2011-10-01,https://www.bestfightodds.com/events/ufc-on-versus-6-cruz-vs-johnson-429
UFC 136: Edgar vs Maynard 3,2011-10-08,https://www.bestfightodds.com/events/ufc-136-edgar-vs-maynard-3-423
UFC 137: Penn vs Diaz,2011-10-29,https://www.bestfightodds.com/events/ufc-137-penn-vs-diaz-410
UFC 138: Leben vs Munoz,2011-11-05,https://www.bestfightodds.com/events/ufc-138-leben-vs-munoz-430
UFC on FOX: Velasquez vs Dos Santos,2011-11-12,https://www.bestfightodds.com/events/ufc-on-fox-1-velasquez-vs-dos-santos-442
Strikeforce Challengers 20,2011-11-18,https://www.bestfightodds.com/events/strikeforce-challengers-20-britt-vs-sayers-449
UFC 139: Shogun vs Henderson,2011-11-19,https://www.bestfightodds.com/events/ufc-139-shogun-vs-henderson-424
M-1 Global - Fedor vs. Monson,2011-11-20,
The Ultimate Fighter: Team Bisping vs Team Miller Finale,2011-12-03,https://www.bestfightodds.com/events/ufc-the-ultimate-fighter-14-finale-469
UFC 140: Jones vs Machida,2011-12-10,https://www.bestfightodds.com/events/ufc-140-jones-vs-machida-451
Strikeforce - Melendez vs. Masvidal,2011-12-17,https://www.bestfightodds.com/events/strikeforce-melendez-vs-masvidal-461
UFC 141: Lesnar vs Overeem,2011-12-30,https://www.bestfightodds.com/events/ufc-141-lesnar-vs-overeem-452
DREAM - New Year! 2011,2011-12-31,https://www.bestfightodds.com/events/dream-new-year-2011-480
Strikeforce - Rockhold vs. Jardine,2012-01-07,https://www.bestfightodds.com/events/strikeforce-rockhold-vs-jardine-488
UFC 142: Aldo vs Mendes,2012-01-14,https://www.bestfightodds.com/events/ufc-142-aldo-vs-mendes-474
UFC on FX: Guillard vs Miller,2012-01-20,https://www.bestfightodds.com/events/ufc-on-fx-1-guillard-vs-miller-479
ProElite 3: Da Spyder vs. Minowaman,2012-01-21,https://www.bestfightodds.com/events/proelite-3-481
UFC on FOX: Evans vs Davis,2012-01-28,https://www.bestfightodds.com/events/ufc-on-fox-2-482
UFC 143: Diaz vs Condit,2012-02-04,https://www.bestfightodds.com/events/ufc-143-condit-vs-diaz-478
UFC on FUEL TV: Sanchez vs Ellenberger,2012-02-15,https://www.bestfightodds.com/events/ufc-on-fuel-tv-1-ellenberger-vs-sanchez-485
UFC 144: Edgar vs Henderson,2012-02-25,https://www.bestfightodds.com/events/ufc-144-edgar-vs-henderson-477
UFC on FX: Alves vs Kampmann,2012-03-02,https://www.bestfightodds.com/events/ufc-on-fx-2-alves-vs-kampmann-487
Strikeforce - Tate vs. Rousey,2012-03-03,https://www.bestfightodds.com/events/strikeforce-tate-vs-rousey-492
ONE FC 3: War of the Lions,2012-03-31,
UFC on FUEL TV: Gustafsson vs Silva,2012-04-14,https://www.bestfightodds.com/events/ufc-on-fuel-tv-2-gustafsson-vs-silva-493
UFC 145: Jones vs Evans,2012-04-21,https://www.bestfightodds.com/events/ufc-145-jones-vs-evans-490
Invicta FC 1: Coenen vs. Ruyssen,2012-04-28,https://www.bestfightodds.com/events/invicta-fc-1-544
UFC on FOX: Diaz vs Miller,2012-05-05,https://www.bestfightodds.com/events/ufc-on-fox-3-diaz-vs-miller-496
UFC on FUEL TV: Korean Zombie vs Poirier,2012-05-15,https://www.bestfightodds.com/events/ufc-on-fuel-tv-3-korean-zombie-vs-poirier-499
Strikeforce - Barnett vs Cormier,2012-05-19,https://www.bestfightodds.com/events/strikeforce-barnett-vs-cormier-529
UFC 146: Dos Santos vs Mir,2012-05-26,https://www.bestfightodds.com/events/ufc-146-dos-santos-vs-mir-502
The Ultimate Fighter: Live Finale,2012-06-01,https://www.bestfightodds.com/events/ufc-the-ultimate-fighter-15-finale-524
UFC on FX: Johnson vs McCall,2012-06-08,https://www.bestfightodds.com/events/ufc-on-fx-3-johnson-vs-mccall-522
M-1 Global - Fedor vs. Rizzo,2012-06-21,https://www.bestfightodds.com/events/m-1-global-fedor-vs-rizzo-556
UFC on FX: Maynard vs Guida,2012-06-22,https://www.bestfightodds.com/events/ufc-on-fx-4-guida-vs-maynard-521
UFC 147: Silva vs Franklin 2,2012-06-23,https://www.bestfightodds.com/events/ufc-147-silva-vs-franklin-ii-517
UFC 148: Silva vs Sonnen 2,2012-07-07,https://www.bestfightodds.com/events/ufc-148-silva-vs-sonnen-2-506
UFC on FUEL TV: Munoz vs Weidman,2012-07-11,https://www.bestfightodds.com/events/ufc-on-fuel-tv-4-munoz-vs-weidman-545
Strikeforce - Rockhold vs Kennedy,2012-07-14,https://www.bestfightodds.com/events/strikeforce-rockhold-vs-kennedy-550
UFC 149: Faber vs Barao,2012-07-21,https://www.bestfightodds.com/events/ufc-149-faber-vs-barao-527
Invicta FC 2: McMann vs. Baszler,2012-07-28,https://www.bestfightodds.com/events/invicta-fc-2-557
UFC on FOX: Shogun vs Vera,2012-08-04,https://www.bestfightodds.com/events/ufc-on-fox-4-shogun-vs-vera-546
UFC 150: Henderson vs Edgar II,2012-08-11,https://www.bestfightodds.com/events/ufc-150-henderson-vs-edgar-ii-547
Strikeforce - Rousey vs Kaufman,2012-08-18,https://www.bestfightodds.com/events/strikeforce-rousey-vs-kaufman-566
UFC 152: Jones vs Belfort,2012-09-22,https://www.bestfightodds.com/events/ufc-152-jones-vs-belfort-561
UFC on FUEL TV: Struve vs Miocic,2012-09-29,https://www.bestfightodds.com/events/ufc-on-fuel-tv-5-struve-vs-miocic-569
UFC on FX: Browne vs Bigfoot,2012-10-05,https://www.bestfightodds.com/events/ufc-on-fx-5-browne-vs-bigfoot-579
Invicta FC 3: Penne vs. Sugiyuma,2012-10-06,https://www.bestfightodds.com/events/invicta-fc-3-penne-vs-sugiyama-591
UFC 153: Silva vs Bonnar,2012-10-13,https://www.bestfightodds.com/events/ufc-153-silva-vs-bonnar-571
UFC Macao: Franklin vs Le,2012-11-10,https://www.bestfightodds.com/events/ufc-on-fuel-tv-6-franklin-vs-le-582
UFC 154: St-Pierre vs Condit,2012-11-17,https://www.bestfightodds.com/events/ufc-154-st-pierre-vs-condit-565
UFC on FOX: Henderson vs Diaz,2012-12-08,https://www.bestfightodds.com/events/ufc-on-fox-5-henderson-vs-diaz-584
UFC on FX: Sotiropoulos vs Pearson,2012-12-14,https://www.bestfightodds.com/events/ufc-on-fx-6-sotiropoulos-vs-pearson-594
The Ultimate Fighter: Team Carwin vs. Team Nelson Finale,2012-12-15,https://www.bestfightodds.com/events/ufc-the-ultimate-fighter-16-finale-602
UFC 155: Dos Santos vs Velasquez II,2012-12-29,https://www.bestfightodds.com/events/ufc-155-dos-santos-vs-velasquez-ii-585
DREAM 18,2012-12-31,https://www.bestfightodds.com/events/dream-18-626
Strikeforce - Marquardt vs Saffiedine,2013-01-12,https://www.bestfightodds.com/events/strikeforce-marquardt-vs-saffiedine-614
UFC on FX: Belfort vs Bisping,2013-01-19,https://www.bestfightodds.com/events/ufc-on-fx-7-belfort-vs-bisping-612
UFC on FOX: Johnson vs Dodson,2013-01-26,https://www.bestfightodds.com/events/ufc-on-fox-6-johnson-vs-dodson-613
UFC 156: Aldo vs Edgar,2013-02-02,https://www.bestfightodds.com/events/ufc-156-aldo-vs-edgar-611
UFC on FUEL TV: Barao vs McDonald,2013-02-16,https://www.bestfightodds.com/events/ufc-on-fuel-tv-7-barao-vs-mcdonald-632
UFC 157: Rousey vs Carmouche,2013-02-23,https://www.bestfightodds.com/events/ufc-157-rousey-vs-carmouche-618
UFC on FUEL TV: Silva vs. Stann,2013-03-02,https://www.bestfightodds.com/events/ufc-on-fuel-tv-8-silva-vs-stann-625
UFC 158: St-Pierre vs Diaz,2013-03-16,https://www.bestfightodds.com/events/ufc-158-st-pierre-vs-diaz-627
Invicta FC 5: Penne vs. Waterson,2013-04-05,https://www.bestfightodds.com/events/invicta-fc-5-penne-vs-waterson-655
UFC on FUEL TV: Mousasi vs Latifi,2013-04-06,https://www.bestfightodds.com/events/ufc-on-fuel-tv-9-mousasi-vs-latifi-636
The Ultimate Fighter: Team Jones vs. Team Sonnen Finale,2013-04-13,https://www.bestfightodds.com/events/ufc-the-ultimate-fighter-17-finale-656
UFC on FOX: Henderson vs Melendez,2013-04-20,https://www.bestfightodds.com/events/ufc-on-fox-7-henderson-vs-melendez-634
UFC 159: Jones vs Sonnen,2013-04-27,https://www.bestfightodds.com/events/ufc-159-jones-vs-sonnen-633
UFC on FX: Belfort vs. Rockhold,2013-05-18,https://www.bestfightodds.com/events/ufc-on-fx-8-belfort-vs-rockhold-648
UFC 160: Velasquez vs Silva 2,2013-05-25,https://www.bestfightodds.com/events/ufc-160-velasquez-vs-silva-ii-647
UFC on FUEL TV: Nogueira vs. Werdum,2013-06-08,https://www.bestfightodds.com/events/ufc-on-fuel-tv-10-nogueira-vs-werdum-2-668
UFC 161: Evans vs Henderson,2013-06-15,https://www.bestfightodds.com/events/ufc-161-evans-vs-henderson-660
UFC 162: Silva vs Weidman,2013-07-06,https://www.bestfightodds.com/events/ufc-162-silva-vs-weidman-661
Invicta FC 6: Coenen vs. Cyborg,2013-07-13,https://www.bestfightodds.com/events/invicta-fc-6-cyborg-vs-coenen-ii-677
UFC on FOX: Johnson vs Moraga,2013-07-27,https://www.bestfightodds.com/events/ufc-on-fox-8-johnson-vs-moraga-674
UFC 163: Aldo vs Jung,2013-08-03,https://www.bestfightodds.com/events/ufc-163-aldo-vs-jung-683
UFC Fight Night: Shogun vs Sonnen,2013-08-17,https://www.bestfightodds.com/events/ufc-fight-night-26-shogun-vs-sonnen-685
UFC Fight Night: Condit vs Kampmann 2,2013-08-28,https://www.bestfightodds.com/events/ufc-fight-night-27-condit-vs-kampmann-ii-692
UFC 164: Henderson vs Pettis 2,2013-08-31,https://www.bestfightodds.com/events/ufc-164-henderson-vs-pettis-ii-691
UFC Fight Night: Teixeira vs Bader,2013-09-04,https://www.bestfightodds.com/events/ufc-fight-night-28-teixeira-vs-bader-705
UFC 165: Jones vs Gustafsson,2013-09-21,https://www.bestfightodds.com/events/ufc-165-jones-vs-gustafsson-697
UFC Fight Night: Maia vs Shields,2013-10-09,https://www.bestfightodds.com/events/ufc-fight-night-29-maia-vs-shields-713
UFC 166: Velasquez vs Dos Santos 3,2013-10-19,https://www.bestfightodds.com/events/ufc-166-velasquez-vs-dos-santos-iii-698
UFC Fight Night: Machida vs Munoz,2013-10-26,https://www.bestfightodds.com/events/ufc-fight-night-30-machida-vs-munoz-712
UFC Fight Night: Fight for the Troops 3,2013-11-06,https://www.bestfightodds.com/events/ufc-fight-night-31-fight-for-the-troops-iii-726
UFC Fight Night: Belfort vs Henderson 2,2013-11-09,https://www.bestfightodds.com/events/ufc-fight-night-32-belfort-vs-henderson-725
UFC 167: St-Pierre vs Hendricks,2013-11-16,https://www.bestfightodds.com/events/ufc-167-st-pierre-vs-hendricks-699
The Ultimate Fighter: Team Rousey vs. Team Tate Finale,2013-11-30,https://www.bestfightodds.com/events/ufc-the-ultimate-fighter-18-finale-720
UFC Fight Night: Hunt vs Bigfoot,2013-12-06,https://www.bestfightodds.com/events/ufc-fight-night-33-hunt-vs-bigfoot-728
UFC on FOX: Johnson vs. Benavidez 2,2013-12-14,https://www.bestfightodds.com/events/ufc-on-fox-9-johnson-vs-benavidez-729
UFC 168: Weidman vs Silva 2,2013-12-28,https://www.bestfightodds.com/events/ufc-168-weidman-vs-silva-ii-706
UFC Fight Night: Saffiedine vs Lim,2014-01-04,https://www.bestfightodds.com/events/ufc-fight-night-34-saffiedine-vs-lim-761
UFC Fight Night: Rockhold vs Philippou,2014-01-15,https://www.bestfightodds.com/events/ufc-fight-night-35-rockhold-vs-philippou-762
UFC on FOX: Henderson vs Thomson,2014-01-25,https://www.bestfightodds.com/events/ufc-on-fox-10-henderson-vs-thomson-777
UFC 169: Barao vs Faber 2,2014-02-01,https://www.bestfightodds.com/events/ufc-169-barao-vs-faber-737
UFC Fight Night: Machida vs Mousasi,2014-02-15,https://www.bestfightodds.com/events/ufc-fight-night-36-machida-vs-mousasi-758
UFC 170: Rousey vs McMann,2014-02-22,https://www.bestfightodds.com/events/ufc-170-rousey-vs-mcmann-756
UFC Fight Night: Kim vs Hathaway,2014-03-01,https://www.bestfightodds.com/events/ufc-the-ultimate-fighter-china-finale-778
UFC Fight Night: Gustafsson vs Manuwa,2014-03-08,https://www.bestfightodds.com/events/ufc-fight-night-37-gustafsson-vs-manuwa-751
UFC 171: Hendricks vs Lawler,2014-03-15,https://www.bestfightodds.com/events/ufc-171-hendricks-vs-lawler-771
UFC Fight Night: Shogun vs Henderson 2,2014-03-23,https://www.bestfightodds.com/events/ufc-fight-night-38-shogun-vs-henderson-784
UFC Fight Night: Minotauro vs Nelson,2014-04-11,https://www.bestfightodds.com/events/ufc-fight-night-39-minotauro-vs-nelson-790
UFC Fight Night: Bisping vs Kennedy,2014-04-16,https://www.bestfightodds.com/events/ufc-the-ultimate-fighter-nations-finale-806
UFC on FOX: Werdum vs Browne,2014-04-19,https://www.bestfightodds.com/events/ufc-on-fox-11-werdum-vs-browne-779
UFC 172: Jones vs Teixeira,2014-04-26,https://www.bestfightodds.com/events/ufc-172-jones-vs-teixeira-772
UFC Fight Night: Brown vs Silva,2014-05-10,https://www.bestfightodds.com/events/ufc-fight-night-40-brown-vs-silva-794
UFC 173: Barao vs Dillashaw,2014-05-24,https://www.bestfightodds.com/events/ufc-173-barao-vs-dillashaw-786
UFC Fight Night: Miocic vs Maldonado,2014-05-31,https://www.bestfightodds.com/events/ufc-the-ultimate-fighter-brazil-3-finale-812
UFC Fight Night: Munoz vs Mousasi,2014-05-31,https://www.bestfightodds.com/events/ufc-fight-night-41-munoz-vs-mousasi-799
UFC Fight Night: Henderson vs Khabilov,2014-06-07,https://www.bestfightodds.com/events/ufc-fight-night-42-henderson-vs-khabilov-822
UFC 174: Johnson vs Bagautinov,2014-06-14,https://www.bestfightodds.com/events/ufc-174-johnson-vs-bagautinov-807
UFC Fight Night: Swanson vs Stephens,2014-06-28,https://www.bestfightodds.com/events/ufc-fight-night-44-swanson-vs-stephens-800
UFC Fight Night: Te Huna vs Marquardt,2014-06-28,https://www.bestfightodds.com/events/ufc-fight-night-43-te-huna-vs-marquardt-823
UFC 175: Weidman vs Machida,2014-07-05,https://www.bestfightodds.com/events/ufc-175-weidman-vs-machida-805
The Ultimate Fighter: Team Edgar vs. Team Penn Finale,2014-07-06,https://www.bestfightodds.com/events/ufc-the-ultimate-fighter-19-finale-832
UFC Fight Night: Cowboy vs Miller,2014-07-16,https://www.bestfightodds.com/events/ufc-fight-night-45-cerrone-vs-miller-826
UFC Fight Night: McGregor vs Brandao,2014-07-19,https://www.bestfightodds.com/events/ufc-fight-night-46-mcgregor-vs-brandao-827
UFC on FOX: Lawler vs Brown,2014-07-26,https://www.bestfightodds.com/events/ufc-on-fox-12-lawler-vs-brown-829
UFC Fight Night: Bader vs Saint Preux,2014-08-16,https://www.bestfightodds.com/events/ufc-fight-night-47-bader-vs-saint-preux-845
UFC Fight Night: Bisping vs Le,2014-08-23,https://www.bestfightodds.com/events/ufc-fight-night-48-bisping-vs-le-835
UFC Fight Night: Henderson vs Dos Anjos,2014-08-23,https://www.bestfightodds.com/events/ufc-fight-night-49-henderson-vs-dos-anjos-846
UFC 177: Dillashaw vs Soto,2014-08-30,https://www.bestfightodds.com/events/ufc-177-dillashaw-vs-soto-849
UFC Fight Night: Jacare vs Mousasi,2014-09-05,https://www.bestfightodds.com/events/ufc-fight-night-50-souza-vs-mousasi-851
UFC Fight Night: Bigfoot vs Arlovski,2014-09-13,https://www.bestfightodds.com/events/ufc-fight-night-51-big-foot-vs-arlovski-ii-850
UFC Fight Night: Hunt vs Nelson,2014-09-20,https://www.bestfightodds.com/events/ufc-fight-night-52-hunt-vs-nelson-847
UFC 178: Johnson vs Cariaso,2014-09-27,https://www.bestfightodds.com/events/ufc-178-johnson-vs-cariaso-836
UFC Fight Night: MacDonald vs Saffiedine,2014-10-04,https://www.bestfightodds.com/events/ufc-fight-night-54-macdonald-vs-saffiedine-861
UFC Fight Night: Nelson vs Story,2014-10-04,https://www.bestfightodds.com/events/ufc-fight-night-53-nelson-vs-story-860
UFC 179: Aldo vs Mendes 2,2014-10-25,https://www.bestfightodds.com/events/ufc-179-aldo-vs-mendes-ii-855
UFC Fight Night: Rockhold vs Bisping,2014-11-07,https://www.bestfightodds.com/events/ufc-fight-night-55-rockhold-vs-bisping-894
UFC Fight Night 56: Shogun vs Saint Preux,2014-11-08,https://www.bestfightodds.com/events/ufc-fight-night-56-shogun-vs-st-preux-893
UFC 180: Werdum vs Hunt,2014-11-15,https://www.bestfightodds.com/events/ufc-180-werdum-vs-hunt-824
UFC Fight Night: Edgar vs Swanson,2014-11-22,https://www.bestfightodds.com/events/ufc-fight-night-57-edgar-vs-swanson-892
UFC 181: Hendricks vs Lawler II,2014-12-06,https://www.bestfightodds.com/events/ufc-181-hendricks-vs-lawler-2-853
The Ultimate Fighter: A Champion Will Be Crowned Finale,2014-12-12,https://www.bestfightodds.com/events/ufc-the-ultimate-fighter-20-finale-912
UFC on FOX: Dos Santos vs Miocic,2014-12-13,https://www.bestfightodds.com/events/ufc-on-fox-13-dos-santos-vs-miocic-879
UFC Fight Night: Machida vs Dollaway,2014-12-20,https://www.bestfightodds.com/events/ufc-fight-night-58-machida-vs-dollaway-880
UFC 182: Jones vs Cormier,2015-01-03,https://www.bestfightodds.com/events/ufc-182-jones-vs-cormier-864
UFC Fight Night: McGregor vs Siver,2015-01-18,https://www.bestfightodds.com/events/ufc-fight-night-59-mcgregor-vs-siver-895
UFC on FOX: Gustafsson vs Johnson,2015-01-24,https://www.bestfightodds.com/events/ufc-on-fox-14-gustafsson-vs-johnson-906
UFC 183: Silva vs Diaz,2015-01-31,https://www.bestfightodds.com/events/ufc-183-silva-vs-diaz-856
UFC Fight Night: Henderson vs Thatch,2015-02-14,https://www.bestfightodds.com/events/ufc-fight-night-60-henderson-vs-thatch-915
UFC Fight Night: Bigfoot vs Mir,2015-02-22,https://www.bestfightodds.com/events/ufc-fight-night-61-bigfoot-vs-mir-923
UFC 184: Rousey vs Zingano,2015-02-28,https://www.bestfightodds.com/events/ufc-184-rousey-vs-zingano-896
UFC 185: Pettis vs Dos Anjos,2015-03-14,https://www.bestfightodds.com/events/ufc-185-pettis-vs-dos-anjos-925
UFC Fight Night: Maia vs LaFlare,2015-03-21,https://www.bestfightodds.com/events/ufc-fight-night-62-maia-vs-laflare-934
UFC Fight Night: Mendes vs Lamas,2015-04-04,https://www.bestfightodds.com/events/ufc-fight-night-63-mendes-vs-lamas-932
UFC Fight Night: Gonzaga vs Cro Cop 2,2015-04-11,https://www.bestfightodds.com/events/ufc-fight-night-64-gonzaga-vs-cro-cop-ii-936
UFC on FOX: Machida vs Rockhold,2015-04-18,https://www.bestfightodds.com/events/ufc-on-fox-15-machida-vs-rockhold-927
UFC 186: Johnson vs Horiguchi,2015-04-25,https://www.bestfightodds.com/events/ufc-186-johnson-vs-horiguchi-929
UFC Fight Night: Miocic vs Hunt,2015-05-09,https://www.bestfightodds.com/events/ufc-fight-night-65-hunt-vs-miocic-950
UFC Fight Night: Edgar vs Faber,2015-05-16,https://www.bestfightodds.com/events/ufc-fight-night-66-edgar-vs-faber-946
UFC 187: Johnson vs Cormier,2015-05-23,https://www.bestfightodds.com/events/ufc-187-johnson-vs-cormier-945
UFC Fight Night: Condit vs Alves,2015-05-30,https://www.bestfightodds.com/events/ufc-fight-night-67-alves-vs-condit-957
UFC Fight Night: Boetsch vs Henderson,2015-06-06,https://www.bestfightodds.com/events/ufc-fight-night-68-henderson-vs-boetsch-947
UFC 188: Velasquez vs Werdum,2015-06-13,https://www.bestfightodds.com/events/ufc-188-velasquez-vs-werdum-930
UFC Fight Night: Jedrzejczyk vs Penne,2015-06-20,https://www.bestfightodds.com/events/ufc-fight-night-69-jedrzejczyk-vs-penne-964
UFC Fight Night: Machida vs Romero,2015-06-27,https://www.bestfightodds.com/events/ufc-fight-night-70-machida-vs-romero-973
UFC 189: Mendes vs McGregor,2015-07-11,https://www.bestfightodds.com/events/ufc-189-mendes-vs-mcgregor-942
The Ultimate Fighter: American Top Team vs. Blackzilians Finale,2015-07-12,https://www.bestfightodds.com/events/ufc-the-ultimate-fighter-21-finale-ellenberger-vs-thompson-971
UFC Fight Night: Mir vs Duffee,2015-07-15,https://www.bestfightodds.com/events/ufc-fight-night-71-mir-vs-duffee-965
UFC Fight Night: Bisping vs Leites,2015-07-18,https://www.bestfightodds.com/events/ufc-fight-night-72-bisping-vs-leites-975
UFC on FOX: Dillashaw vs. Barao II,2015-07-25,https://www.bestfightodds.com/events/ufc-on-fox-16-dillashaw-vs-barao-2-967
UFC 190: Rousey vs Correia,2015-08-01,https://www.bestfightodds.com/events/ufc-190-rousey-vs-correia-960
UFC Fight Night: Teixeira vs Saint Preux,2015-08-08,https://www.bestfightodds.com/events/ufc-fight-night-73-saint-preux-vs-teixeira-979
UFC Fight Night: Holloway vs Oliveira,2015-08-23,https://www.bestfightodds.com/events/ufc-fight-night-74-holloway-vs-oliveira-984
UFC 191: Johnson vs Dodson 2,2015-09-05,https://www.bestfightodds.com/events/ufc-191-johnson-vs-dodson-ii-992
UFC Fight Night: Barnett vs Nelson,2015-09-26,https://www.bestfightodds.com/events/ufc-fight-night-75-nelson-vs-barnett-1003
UFC 192: Cormier vs Gustafsson,2015-10-03,https://www.bestfightodds.com/events/ufc-192-cormier-vs-gustafsson-990
UFC Fight Night: Holohan vs Smolka,2015-10-24,https://www.bestfightodds.com/events/ufc-fight-night-76-holohan-vs-smolka-976
UFC Fight Night: Belfort vs Henderson 3,2015-11-07,https://www.bestfightodds.com/events/ufc-fight-night-77-belfort-vs-henderson-3-997
UFC 193: Rousey vs Holm,2015-11-14,https://www.bestfightodds.com/events/ufc-193-rousey-vs-holm-1002
UFC Fight Night: Magny vs Gastelum,2015-11-21,https://www.bestfightodds.com/events/ufc-fight-night-78-magny-vs-gastelum-999
UFC Fight Night: Henderson vs Masvidal,2015-11-28,https://www.bestfightodds.com/events/ufc-fight-night-79-henderson-vs-masvidal-1013
UFC Fight Night: Namajunas vs. VanZant,2015-12-10,https://www.bestfightodds.com/events/ufc-fight-night-80-vanzant-vs-namajunas-1023
The Ultimate Fighter: Team McGregor vs. Team Faber Finale,2015-12-11,https://www.bestfightodds.com/events/ufc-the-ultimate-fighter-22-finale-edgar-vs-mendes-1011
UFC 194: Aldo vs McGregor,2015-12-12,https://www.bestfightodds.com/events/ufc-194-aldo-vs-mcgregor-1005
UFC on FOX: Dos Anjos vs. Cowboy 2,2015-12-19,https://www.bestfightodds.com/events/ufc-on-fox-17-dos-anjos-vs-cerrone-1008
UFC 195: Lawler vs Condit,2016-01-02,https://www.bestfightodds.com/events/ufc-195-lawler-vs-condit-1012
UFC Fight Night: Dillashaw vs Cruz,2016-01-17,https://www.bestfightodds.com/events/ufc-fight-night-81-dillashaw-vs-cruz-1022
UFC on FOX: Johnson vs. Bader,2016-01-30,https://www.bestfightodds.com/events/ufc-on-fox-18-johnson-vs-bader-1038
UFC Fight Night: Hendricks vs Thompson,2016-02-06,https://www.bestfightodds.com/events/ufc-fight-night-82-hendricks-vs-thompson-1056
UFC Fight Night: Cowboy vs Cowboy,2016-02-21,https://www.bestfightodds.com/events/ufc-fight-night-83-cowboy-vs-cowboy-1057
UFC Fight Night: Silva vs Bisping,2016-02-27,https://www.bestfightodds.com/events/ufc-fight-night-84-silva-vs-bisping-1052
UFC 196: McGregor vs Diaz,2016-03-05,https://www.bestfightodds.com/events/ufc-196-mcgregor-vs-diaz-1060
UFC Fight Night: Hunt vs Mir,2016-03-19,https://www.bestfightodds.com/events/ufc-fight-night-85-hunt-vs-mir-1062
UFC Fight Night: Rothwell vs Dos Santos,2016-04-10,https://www.bestfightodds.com/events/ufc-fight-night-86-rothwell-vs-dos-santos-1077
UFC on FOX: Teixeira vs Evans,2016-04-16,https://www.bestfightodds.com/events/ufc-on-fox-19-evans-vs-teixeira-1073
UFC 197: Jones vs Saint Preux,2016-04-23,https://www.bestfightodds.com/events/ufc-197-jones-vs-saint-preux-1080
UFC Fight Night: Overeem vs Arlovski,2016-05-08,https://www.bestfightodds.com/events/ufc-fight-night-87-overeem-vs-arlovski-1088
UFC 198: Werdum vs Miocic,2016-05-14,https://www.bestfightodds.com/events/ufc-198-werdum-vs-miocic-1070
UFC Fight Night: Almeida vs Garbrandt,2016-05-29,https://www.bestfightodds.com/events/ufc-fight-night-88-almeida-vs-garbrandt-1104
UFC 199: Rockhold vs. Bisping 2,2016-06-04,https://www.bestfightodds.com/events/ufc-199-rockhold-vs-bisping-ii-1081
UFC Fight Night: MacDonald vs Thompson,2016-06-18,https://www.bestfightodds.com/events/ufc-fight-night-89-macdonald-vs-thompson-1098
UFC Fight Night: Dos Anjos vs. Alvarez,2016-07-07,https://www.bestfightodds.com/events/ufc-fight-night-90-dos-anjos-vs-alvarez-1118
The Ultimate Fighter: Team Joanna vs. Team Cl?udia Finale,2016-07-08,https://www.bestfightodds.com/events/ufc-the-ultimate-fighter-23-finale-team-joanna-vs-team-claudia-1067
UFC 200: Tate vs Nunes,2016-07-09,https://www.bestfightodds.com/events/ufc-200-tate-vs-nunes-1102
UFC Fight Night: McDonald vs. Lineker,2016-07-13,https://www.bestfightodds.com/events/ufc-fight-night-91-mcdonald-vs-lineker-1120
UFC on FOX: Holm vs. Shevchenko,2016-07-23,https://www.bestfightodds.com/events/ufc-on-fox-20-holm-vs-shevchenko-1114
UFC 201: Lawler vs. Woodley,2016-07-30,https://www.bestfightodds.com/events/ufc-201-lawler-vs-woodley-1129
UFC Fight Night: Rodriguez vs. Caceres,2016-08-06,https://www.bestfightodds.com/events/ufc-fight-night-92-rodriguez-vs-caceres-1146
UFC 202: Diaz vs. McGregor 2,2016-08-20,https://www.bestfightodds.com/events/ufc-202-diaz-vs-mcgregor-2-1143
UFC on FOX: Maia vs. Condit,2016-08-27,https://www.bestfightodds.com/events/ufc-on-fox-21-maia-vs-condit-1150
UFC Fight Night: Arlovski vs. Barnett,2016-09-03,https://www.bestfightodds.com/events/ufc-fight-night-93-arlovski-vs-barnett-1139
UFC 203: Miocic vs. Overeem,2016-09-10,https://www.bestfightodds.com/events/ufc-203-miocic-vs-overeem-1138
UFC Fight Night: Poirier vs. Johnson,2016-09-17,https://www.bestfightodds.com/events/ufc-fight-night-94-johnson-vs-poirier-1160
UFC Fight Night: Cyborg vs. Lansberg,2016-09-24,https://www.bestfightodds.com/events/ufc-fight-night-95-cyborg-vs-lansberg-1167
UFC Fight Night: Lineker vs. Dodson,2016-10-01,https://www.bestfightodds.com/events/ufc-fight-night-96-lineker-vs-dodson-1165
UFC 204: Bisping vs. Henderson,2016-10-08,https://www.bestfightodds.com/events/ufc-204-bisping-vs-henderson-2-1168
UFC Fight Night: Dos Anjos vs. Ferguson,2016-11-05,https://www.bestfightodds.com/events/ufc-fight-night-98-dos-anjos-vs-ferguson-1164
UFC 205: Alvarez vs McGregor,2016-11-12,https://www.bestfightodds.com/events/ufc-205-alvarez-vs-mcgregor-1188
UFC Fight Night: Bader vs. Nogueira,2016-11-19,https://www.bestfightodds.com/events/ufc-fight-night-100-bader-vs-nogueira-1185
UFC Fight Night: Mousasi vs. Hall 2,2016-11-19,https://www.bestfightodds.com/events/ufc-fight-night-99-mousasi-vs-hall-2-1184
UFC Fight Night: Whittaker vs. Brunson,2016-11-26,https://www.bestfightodds.com/events/ufc-fight-night-101-whittaker-vs-brunson-1191
The Ultimate Fighter: Tournament of Champions Finale,2016-12-03,https://www.bestfightodds.com/events/ufc-the-ultimate-fighter-24-finale-1135
UFC Fight Night: Lewis vs. Abdurakhimov,2016-12-09,https://www.bestfightodds.com/events/ufc-fight-night-102-lewis-vs-abdurakhimov-1203
UFC 206: Holloway vs. Pettis,2016-12-10,https://www.bestfightodds.com/events/ufc-206-holloway-vs-pettis-1204
UFC on FOX: VanZant vs. Waterson,2016-12-17,https://www.bestfightodds.com/events/ufc-on-fox-22-vanzant-vs-waterson-1207
UFC 207: Nunes vs. Rousey,2016-12-30,https://www.bestfightodds.com/events/ufc-207-nunes-vs-rousey-1210
UFC Fight Night: Rodriguez vs. Penn,2017-01-15,https://www.bestfightodds.com/events/ufc-fight-night-103-rodriguez-vs-penn-1219
UFC on FOX: Shevchenko vs. Pena,2017-01-28,https://www.bestfightodds.com/events/ufc-on-fox-23-shevchenko-vs-pena-1225
UFC Fight Night: Bermudez vs. The Korean Zombie,2017-02-04,https://www.bestfightodds.com/events/ufc-fight-night-104-bermudez-vs-korean-zombie-1226
UFC 208: Holm vs. De Randamie,2017-02-11,https://www.bestfightodds.com/events/ufc-208-holm-vs-de-randamie-1229
UFC Fight Night: Lewis vs. Browne,2017-02-19,https://www.bestfightodds.com/events/ufc-fight-night-105-lewis-vs-browne-1228
UFC 209: Woodley vs. Thompson 2,2017-03-04,https://www.bestfightodds.com/events/ufc-209-woodley-vs-thompson-2-1234
UFC Fight Night: Belfort vs. Gastelum,2017-03-11,https://www.bestfightodds.com/events/ufc-fight-night-106-belfort-vs-gastelum-1231
UFC Fight Night: Manuwa vs. Anderson,2017-03-18,https://www.bestfightodds.com/events/ufc-fight-night-107-manuwa-vs-anderson-1246
UFC 210: Cormier vs. Johnson 2,2017-04-08,https://www.bestfightodds.com/events/ufc-210-cormier-vs-johnson-2-1248
UFC on FOX: Johnson vs. Reis,2017-04-15,https://www.bestfightodds.com/events/ufc-on-fox-24-johnson-vs-reis-1259
UFC Fight Night: Swanson vs. Lobov,2017-04-22,https://www.bestfightodds.com/events/ufc-fight-night-108-swanson-vs-lobov-1258
UFC 211: Miocic vs. Dos Santos,2017-05-13,https://www.bestfightodds.com/events/ufc-211-miocic-vs-dos-santos-2-1252
UFC Fight Night: Gustafsson vs. Teixeira,2017-05-28,https://www.bestfightodds.com/events/ufc-fight-night-109-gustafsson-vs-teixeira-1265
UFC 212: Aldo vs. Holloway,2017-06-03,https://www.bestfightodds.com/events/ufc-212-aldo-vs-holloway-1257
UFC Fight Night: Lewis vs. Hunt,2017-06-10,https://www.bestfightodds.com/events/ufc-fight-night-110-lewis-vs-hunt-1275
UFC Fight Night: Holm vs. Correia,2017-06-17,https://www.bestfightodds.com/events/ufc-fight-night-111-holm-vs-correia-1277
UFC Fight Night: Chiesa vs. Lee,2017-06-25,https://www.bestfightodds.com/events/ufc-fight-night-112-chiesa-vs-lee-1276
The Ultimate Fighter: Redemption Finale,2017-07-07,https://www.bestfightodds.com/events/ufc-the-ultimate-fighter-25-finale-johnson-vs-gaethje-1289
UFC 213: Romero vs. Whittaker,2017-07-08,https://www.bestfightodds.com/events/ufc-213-romero-vs-whittaker-1282
DWCS 1.1,2017-07-11,https://www.bestfightodds.com/events/dana-white-s-contender-series-1-1330
UFC Fight Night: Nelson vs. Ponzinibbio,2017-07-16,https://www.bestfightodds.com/events/ufc-fight-night-113-nelson-vs-ponzinibbio-1293
DWCS 1.2,2017-07-18,https://www.bestfightodds.com/events/dana-white-s-contender-series-2-1335
UFC Fight Night: Weidman vs. Gastelum,2017-07-22,https://www.bestfightodds.com/events/ufc-on-fox-25-weidman-vs-gastelum-1292
DWCS 1.3,2017-07-25,https://www.bestfightodds.com/events/dana-white-s-contender-series-3-1338
UFC 214: Cormier vs. Jones 2,2017-07-29,https://www.bestfightodds.com/events/ufc-214-cormier-vs-jones-2-1303
DWCS 1.4,2017-08-01,https://www.bestfightodds.com/events/dana-white-s-contender-series-4-1340
UFC Fight Night: Pettis vs. Moreno,2017-08-05,https://www.bestfightodds.com/events/ufc-fight-night-114-pettis-vs-moreno-1307
DWCS 1.5,2017-08-08,https://www.bestfightodds.com/events/dana-white-s-contender-series-5-1349
DWCS 1.6,2017-08-15,https://www.bestfightodds.com/events/dana-white-s-contender-series-6-1355
DWCS 1.7,2017-08-22,https://www.bestfightodds.com/events/dana-white-s-contender-series-7-1359
DWCS 1.8,2017-08-29,https://www.bestfightodds.com/events/dana-white-s-contender-series-8-1360
UFC Fight Night: Volkov vs. Struve,2017-09-02,https://www.bestfightodds.com/events/ufc-fight-night-115-volkov-vs-struve-1310
UFC 215: Nunes vs Shevchenko 2,2017-09-09,https://www.bestfightodds.com/events/ufc-215-nunes-vs-shevchenko-2-1308
UFC Fight Night: Rockhold vs. Branch,2017-09-16,https://www.bestfightodds.com/events/ufc-fight-night-116-rockhold-vs-branch-1343
UFC Fight Night: Saint Preux vs. Okami,2017-09-22,https://www.bestfightodds.com/events/ufc-fight-night-117-saint-preux-vs-okami-1332
UFC 216: Ferguson vs. Lee,2017-10-07,https://www.bestfightodds.com/events/ufc-216-ferguson-vs-lee-1341
UFC Fight Night: Cerrone vs. Till,2017-10-21,https://www.bestfightodds.com/events/ufc-fight-night-118-cerrone-vs-till-1356
UFC Fight Night: Brunson vs. Machida,2017-10-28,https://www.bestfightodds.com/events/ufc-fight-night-119-machida-vs-brunson-1352
UFC 217: Bisping vs. St-Pierre,2017-11-04,https://www.bestfightodds.com/events/ufc-217-bisping-vs-st-pierre-1348
UFC Fight Night: Poirier vs. Pettis,2017-11-11,https://www.bestfightodds.com/events/ufc-fight-night-120-poirier-vs-pettis-1353
UFC Fight Night: Werdum vs. Tybura,2017-11-18,https://www.bestfightodds.com/events/ufc-fight-night-121-werdum-vs-tybura-1354
UFC Fight Night: Bisping vs. Gastelum,2017-11-25,https://www.bestfightodds.com/events/ufc-fight-night-122-bisping-vs-gastelum-1363
The Ultimate Fighter: A New World Champion Finale,2017-12-01,https://www.bestfightodds.com/events/ufc-the-ultimate-fighter-26-finale-1364
UFC 218: Holloway vs. Aldo 2,2017-12-02,https://www.bestfightodds.com/events/ufc-218-holloway-vs-aldo-2-1368
UFC Fight Night: Swanson vs. Ortega,2017-12-09,https://www.bestfightodds.com/events/ufc-fight-night-123-swanson-vs-ortega-1386
UFC Fight Night: Lawler vs. Dos Anjos,2017-12-16,https://www.bestfightodds.com/events/ufc-on-fox-26-lawler-vs-dos-anjos-1365
UFC 219: Cyborg vs. Holm,2017-12-30,https://www.bestfightodds.com/events/ufc-219-cyborg-vs-holm-1387
UFC Fight Night: Stephens vs. Choi,2018-01-14,https://www.bestfightodds.com/events/ufc-fight-night-124-stephens-vs-choi-1408
UFC 220: Miocic vs. Ngannou,2018-01-20,https://www.bestfightodds.com/events/ufc-220-miocic-vs-ngannou-1406
UFC Fight Night: Jacare vs. Brunson 2,2018-01-27,https://www.bestfightodds.com/events/ufc-on-fox-27-jacare-vs-brunson-2-1413
UFC Fight Night: Machida vs. Anders,2018-02-03,https://www.bestfightodds.com/events/ufc-fight-night-125-machida-vs-anders-1418
UFC 221: Romero vs. Rockhold,2018-02-10,https://www.bestfightodds.com/events/ufc-221-romero-vs-rockhold-1411
UFC Fight Night: Cerrone vs. Medeiros,2018-02-18,https://www.bestfightodds.com/events/ufc-fight-night-126-cerrone-vs-medeiros-1412
UFC Fight Night: Emmett vs. Stephens,2018-02-24,https://www.bestfightodds.com/events/ufc-on-fox-28-stephens-vs-emmett-1425
UFC 222: Cyborg vs. Kunitskaya,2018-03-03,https://www.bestfightodds.com/events/ufc-222-cyborg-vs-kunitskaya-1422
UFC Fight Night: Werdum vs. Volkov,2018-03-17,https://www.bestfightodds.com/events/ufc-fight-night-127-werdum-vs-volkov-1423
UFC 223: Khabib vs. Iaquinta,2018-04-07,https://www.bestfightodds.com/events/ufc-223-nurmagomedov-vs-iaquinta-1444
UFC Fight Night: Poirier vs. Gaethje,2018-04-14,https://www.bestfightodds.com/events/ufc-on-fox-29-poirier-vs-gaethje-1446
UFC Fight Night: Barboza vs. Lee,2018-04-21,https://www.bestfightodds.com/events/ufc-fight-night-128-barboza-vs-lee-1455
UFC 224: Nunes vs. Pennington,2018-05-12,https://www.bestfightodds.com/events/ufc-224-nunes-vs-pennington-1453
UFC Fight Night: Maia vs. Usman,2018-05-19,https://www.bestfightodds.com/events/ufc-fight-night-129-maia-vs-usman-1468
UFC Fight Night: Thompson vs. Till,2018-05-27,https://www.bestfightodds.com/events/ufc-fight-night-130-thompson-vs-till-1478
UFC Fight Night: Rivera vs. Moraes,2018-06-01,https://www.bestfightodds.com/events/ufc-fight-night-131-rivera-vs-moraes-1467
UFC 225: Whittaker vs. Romero 2,2018-06-09,https://www.bestfightodds.com/events/ufc-225-whittaker-vs-romero-2-1459
DWCS 2.1,2018-06-12,https://www.bestfightodds.com/events/dana-white-s-contender-series-9-1515
DWCS 2.2,2018-06-19,https://www.bestfightodds.com/events/dana-white-s-contender-series-10-1516
UFC Fight Night: Cowboy vs. Edwards,2018-06-23,https://www.bestfightodds.com/events/ufc-fight-night-132-cowboy-vs-edwards-1475
DWCS 2.3,2018-06-26,https://www.bestfightodds.com/events/dana-white-s-contender-series-11-1517
The Ultimate Fighter: Undefeated Finale,2018-07-06,https://www.bestfightodds.com/events/ufc-the-ultimate-fighter-27-finale-tavares-vs-adesanya-1503
UFC 226: Miocic vs. Cormier,2018-07-07,https://www.bestfightodds.com/events/ufc-226-miocic-vs-cormier-1447
DWCS 2.4,2018-07-10,https://www.bestfightodds.com/events/dana-white-s-contender-series-12-1518
UFC Fight Night: Dos Santos vs. Ivanov,2018-07-14,https://www.bestfightodds.com/events/ufc-fight-night-133-dos-santos-vs-ivanov-1504
DWCS 2.5,2018-07-17,https://www.bestfightodds.com/events/dana-white-s-contender-series-13-1531
UFC Fight Night: Shogun vs. Smith,2018-07-22,https://www.bestfightodds.com/events/ufc-fight-night-134-shogun-vs-smith-1507
DWCS 2.6,2018-07-24,https://www.bestfightodds.com/events/dana-white-s-contender-series-14-1550
UFC Fight Night: Alvarez vs. Poirier 2,2018-07-28,https://www.bestfightodds.com/events/ufc-on-fox-30-alvarez-vs-poirier-2-1502
DWCS 2.7,2018-07-31,https://www.bestfightodds.com/events/dana-white-s-contender-series-15-1555
UFC 227: Dillashaw vs. Garbrandt 2,2018-08-04,https://www.bestfightodds.com/events/ufc-227-dillashaw-vs-garbrandt-2-1492
DWCS 2.8,2018-08-07,https://www.bestfightodds.com/events/dana-white-s-contender-series-16-1563
DWCS Brazil 1.1,2018-08-10,
DWCS Brazil 1.2,2018-08-11,
DWCS Brazil 1.3,2018-08-12,
UFC Fight Night: Gaethje vs. Vick,2018-08-25,https://www.bestfightodds.com/events/ufc-fight-night-135-gaethje-vs-vick-1528
UFC 228: Woodley vs. Till,2018-09-08,https://www.bestfightodds.com/events/ufc-228-woodley-vs-till-1530
UFC Fight Night: Hunt vs. Oleinik,2018-09-15,https://www.bestfightodds.com/events/ufc-fight-night-136-hunt-vs-oleinik-1539
UFC Fight Night: Marreta vs. Anders,2018-09-22,https://www.bestfightodds.com/events/ufc-fight-night-137-santos-vs-anders-1544
UFC 229: Khabib vs. McGregor,2018-10-06,https://www.bestfightodds.com/events/ufc-229-nurmagomedov-vs-mcgregor-1566
UFC Fight Night: Oezdemir vs. Smith,2018-10-27,https://www.bestfightodds.com/events/ufc-fight-night-138-volkan-vs-smith-1564
UFC 230: Cormier vs. Lewis,2018-11-03,https://www.bestfightodds.com/events/ufc-230-cormier-vs-lewis-1562
UFC Fight Night: Korean Zombie vs. Rodriguez,2018-11-10,https://www.bestfightodds.com/events/ufc-fight-night-139-korean-zombie-vs-rodriguez-1559
UFC Fight Night: Magny vs. Ponzinibbio,2018-11-17,https://www.bestfightodds.com/events/ufc-fight-night-140-magny-vs-ponzinibbio-1578
UFC Fight Night: Blaydes vs. Ngannou 2,2018-11-24,https://www.bestfightodds.com/events/ufc-fight-night-141-blaydes-vs-ngannou-2-1579
The Ultimate Fighter: Heavy Hitters Finale,2018-11-30,https://www.bestfightodds.com/events/ufc-the-ultimate-fighter-28-finale-dos-anjos-vs-usman-1586
UFC Fight Night: Dos Santos vs. Tuivasa,2018-12-01,https://www.bestfightodds.com/events/ufc-fight-night-142-dos-santos-vs-tuivasa-1574
UFC 231: Holloway vs. Ortega,2018-12-08,https://www.bestfightodds.com/events/ufc-231-holloway-vs-ortega-1584
UFC Fight Night: Lee vs. Iaquinta,2018-12-15,https://www.bestfightodds.com/events/ufc-on-fox-31-lee-vs-iaquinta-2-1587
UFC 232: Jones vs. Gustafsson 2,2018-12-29,https://www.bestfightodds.com/events/ufc-232-jones-vs-gustafsson-2-1583
UFC Fight Night: Cejudo vs. Dillashaw,2019-01-19,https://www.bestfightodds.com/events/ufc-on-espn-1-cejudo-vs-dillashaw-1623
UFC Fight Night: Assuncao vs. Moraes 2,2019-02-02,https://www.bestfightodds.com/events/ufc-on-espn-2-assuncao-vs-moraes-2-1628
UFC 234: Adesanya vs. Silva,2019-02-09,https://www.bestfightodds.com/events/ufc-234-adesanya-vs-silva-1620
UFC Fight Night: Ngannou vs. Velasquez,2019-02-17,https://www.bestfightodds.com/events/ufc-on-espn-1-ngannou-vs-velasquez-1637
UFC Fight Night: Blachowicz vs. Santos,2019-02-23,https://www.bestfightodds.com/events/ufc-on-espn-3-blachowicz-vs-santos-1638
UFC 235: Jones vs. Smith,2019-03-02,https://www.bestfightodds.com/events/ufc-235-jones-vs-smith-1625
UFC Fight Night: Lewis vs. Dos Santos,2019-03-09,https://www.bestfightodds.com/events/ufc-on-espn-4-lewis-vs-dos-santos-1639
UFC Fight Night: Till vs. Masvidal,2019-03-16,https://www.bestfightodds.com/events/ufc-on-espn-5-till-vs-masvidal-1626
UFC Fight Night: Thompson vs. Pettis,2019-03-23,https://www.bestfightodds.com/events/ufc-on-espn-6-thompson-vs-pettis-1654
UFC Fight Night: Barboza vs. Gaethje,2019-03-30,https://www.bestfightodds.com/events/ufc-on-espn-2-barboza-vs-gaethje-1648
UFC 236: Holloway vs. Poirier 2,2019-04-13,https://www.bestfightodds.com/events/ufc-236-holloway-vs-poirier-2-1666
UFC Fight Night: Overeem vs. Oleinik,2019-04-20,https://www.bestfightodds.com/events/ufc-on-espn-7-overeem-vs-oleinik-1673
UFC Fight Night: Jacare vs. Hermansson,2019-04-27,https://www.bestfightodds.com/events/ufc-on-espn-8-jacare-vs-hermansson-1657
UFC Fight Night: Iaquinta vs. Cowboy,2019-05-04,https://www.bestfightodds.com/events/ufc-on-espn-9-iaquinta-vs-cowboy-1672
UFC 237: Namajunas vs. Andrade,2019-05-11,https://www.bestfightodds.com/events/ufc-237-namajunas-vs-andrade-1647
UFC Fight Night: Dos Anjos vs. Lee,2019-05-18,https://www.bestfightodds.com/events/ufc-on-espn-10-dos-anjos-vs-lee-1674
UFC Fight Night: Gustafsson vs. Smith,2019-06-01,https://www.bestfightodds.com/events/ufc-on-espn-11-gustafsson-vs-smith-1676
UFC 238: Cejudo vs. Moraes,2019-06-08,https://www.bestfightodds.com/events/ufc-238-cejudo-vs-moraes-1677
DWCS 3.1,2019-06-18,https://www.bestfightodds.com/events/dana-white-s-contender-series-17-1712
UFC Fight Night: Moicano vs. The Korean Zombie,2019-06-22,https://www.bestfightodds.com/events/ufc-on-espn-12-moicano-vs-the-korean-zombie-1680
DWCS 3.2,2019-06-25,https://www.bestfightodds.com/events/dana-white-s-contender-series-18-1718
UFC Fight Night: Ngannou vs. Dos Santos,2019-06-29,https://www.bestfightodds.com/events/ufc-on-espn-3-ngannou-vs-dos-santos-1687
UFC 239: Jones vs. Santos,2019-07-06,https://www.bestfightodds.com/events/ufc-239-jones-vs-santos-1686
DWCS 3.3,2019-07-09,https://www.bestfightodds.com/events/dana-white-s-contender-series-19-1748
UFC Fight Night: De Randamie vs. Ladd,2019-07-13,https://www.bestfightodds.com/events/ufc-on-espn-13-de-randamie-vs-ladd-1714
DWCS 3.4,2019-07-16,https://www.bestfightodds.com/events/dana-white-s-contender-series-20-1728
UFC Fight Night: Dos Anjos vs. Edwards,2019-07-20,https://www.bestfightodds.com/events/ufc-on-espn-4-dos-anjos-vs-edwards-1717
DWCS 3.5,2019-07-23,https://www.bestfightodds.com/events/dana-white-s-contender-series-21-1741
UFC 240: Holloway vs. Edgar,2019-07-27,https://www.bestfightodds.com/events/ufc-240-holloway-vs-edgar-1713
DWCS 3.6,2019-07-30,https://www.bestfightodds.com/events/dana-white-s-contender-series-22-1742
UFC Fight Night: Covington vs. Lawler,2019-08-03,https://www.bestfightodds.com/events/ufc-on-espn-5-covington-vs-lawler-1734
DWCS 3.7,2019-08-06,https://www.bestfightodds.com/events/dana-white-s-contender-series-23-1775
UFC Fight Night: Shevchenko vs. Carmouche 2,2019-08-10,https://www.bestfightodds.com/events/ufc-on-espn-14-shevchenko-vs-carmouche-2-1724
DWCS 3.8,2019-08-13,https://www.bestfightodds.com/events/dana-white-s-contender-series-24-1767
UFC 241: Cormier vs. Miocic 2,2019-08-17,https://www.bestfightodds.com/events/ufc-241-cormier-vs-miocic-2-1709
DWCS 3.9,2019-08-20,https://www.bestfightodds.com/events/dana-white-s-contender-series-25-1776
DWCS 3.10,2019-08-27,https://www.bestfightodds.com/events/dana-white-s-contender-series-26-1782
UFC Fight Night: Andrade vs. Zhang,2019-08-31,https://www.bestfightodds.com/events/ufc-on-espn-15-andrade-vs-zhang-1733
UFC 242: Khabib vs. Poirier,2019-09-07,https://www.bestfightodds.com/events/ufc-242-khabib-vs-poirier-1715
UFC Fight Night: Cowboy vs. Gaethje,2019-09-14,https://www.bestfightodds.com/events/ufc-on-espn-16-cowboy-vs-gaethje-1735
UFC Fight Night: Rodriguez vs. Stephens,2019-09-21,https://www.bestfightodds.com/events/ufc-on-espn-17-rodriguez-vs-stephens-1753
UFC Fight Night: Hermansson vs. Cannonier,2019-09-28,https://www.bestfightodds.com/events/ufc-on-espn-18-hermansson-vs-cannonier-1747
UFC 243: Whittaker vs. Adesanya,2019-10-05,https://www.bestfightodds.com/events/ufc-243-whittaker-vs-adesanya-1752
UFC Fight Night: Joanna vs. Waterson,2019-10-12,https://www.bestfightodds.com/events/ufc-on-espn-19-joanna-vs-waterson-1751
UFC Fight Night: Reyes vs. Weidman,2019-10-18,https://www.bestfightodds.com/events/ufc-on-espn-6-reyes-vs-weidman-1764
UFC Fight Night: Maia vs. Askren,2019-10-26,https://www.bestfightodds.com/events/ufc-on-espn-20-maia-vs-askren-1793
UFC 244: Masvidal vs. Diaz,2019-11-02,https://www.bestfightodds.com/events/ufc-244-masvidal-vs-diaz-1771
UFC Fight Night: Zabit vs. Kattar,2019-11-09,https://www.bestfightodds.com/events/ufc-on-espn-21-zabit-vs-kattar-1795
UFC Fight Night: Blachowicz vs. Jacare,2019-11-16,https://www.bestfightodds.com/events/ufc-on-espn-22-blachowicz-vs-jacare-1755
UFC Fight Night: Overeem vs. Rozenstruik,2019-12-07,https://www.bestfightodds.com/events/ufc-on-espn-7-overeem-vs-rozenstruik-1785
UFC 245: Usman vs. Covington,2019-12-14,https://www.bestfightodds.com/events/ufc-245-usman-vs-covington-1787
UFC Fight Night: Edgar vs. The Korean Zombie,2019-12-21,https://www.bestfightodds.com/events/ufc-on-espn-23-edgar-vs-the-korean-zombie-1803
UFC 246: McGregor vs. Cowboy,2020-01-18,https://www.bestfightodds.com/events/ufc-246-mcgregor-vs-cowboy-1839
UFC Fight Night: Blaydes vs. Dos Santos,2020-01-25,https://www.bestfightodds.com/events/ufc-on-espn-24-blaydes-vs-dos-santos-1841
UFC 247: Jones vs. Reyes,2020-02-08,https://www.bestfightodds.com/events/ufc-247-jones-vs-reyes-1837
UFC Fight Night: Anderson vs. Blachowicz,2020-02-15,https://www.bestfightodds.com/events/ufc-on-espn-25-anderson-vs-blachowicz-2-1848
UFC Fight Night: Felder vs. Hooker,2020-02-22,https://www.bestfightodds.com/events/ufc-on-espn-26-felder-vs-hooker-1846
UFC Fight Night: Benavidez vs. Figueiredo,2020-02-29,https://www.bestfightodds.com/events/ufc-on-espn-27-benavidez-vs-figueiredo-1862
UFC 248: Adesanya vs. Romero,2020-03-07,https://www.bestfightodds.com/events/ufc-248-adesanya-vs-romero-1849
UFC Fight Night: Lee vs. Oliveira,2020-03-14,https://www.bestfightodds.com/events/ufc-on-espn-28-lee-vs-oliveira-1847
UFC 249: Ferguson vs. Gaethje,2020-05-09,https://www.bestfightodds.com/events/ufc-249-ferguson-vs-gaethje-1875
UFC Fight Night: Smith vs. Teixeira,2020-05-13,https://www.bestfightodds.com/events/ufc-on-espn-29-smith-vs-teixeira-1876
UFC Fight Night: Overeem vs. Harris,2020-05-16,https://www.bestfightodds.com/events/ufc-on-espn-8-overeem-vs-harris-1908
UFC Fight Night: Woodley vs. Burns,2020-05-30,https://www.bestfightodds.com/events/ufc-on-espn-9-woodley-vs-burns-1910
UFC 250: Nunes vs. Spencer,2020-06-06,https://www.bestfightodds.com/events/ufc-250-nunes-vs-spencer-1909
UFC Fight Night: Eye vs. Calvillo,2020-06-13,https://www.bestfightodds.com/events/ufc-on-espn-10-eye-vs-calvillo-1898
UFC Fight Night: Blaydes vs. Volkov,2020-06-20,https://www.bestfightodds.com/events/ufc-on-espn-11-blaydes-vs-volkov-1897
UFC Fight Night: Poirier vs. Hooker,2020-06-27,https://www.bestfightodds.com/events/ufc-on-espn-12-poirier-vs-hooker-1895
UFC 251: Usman vs. Masvidal,2020-07-11,https://www.bestfightodds.com/events/ufc-251-usman-vs-masvidal-1890
UFC Fight Night: Kattar vs. Ige,2020-07-15,https://www.bestfightodds.com/events/ufc-on-espn-13-kattar-vs-ige-1917
UFC Fight Night: Figueiredo vs. Benavidez 2,2020-07-18,https://www.bestfightodds.com/events/ufc-on-espn-30-figueiredo-vs-benavidez-2-1913
UFC Fight Night: Whittaker vs. Till,2020-07-25,https://www.bestfightodds.com/events/ufc-on-espn-14-whittaker-vs-till-1903
UFC Fight Night: Brunson vs. Shahbazyan,2020-08-01,https://www.bestfightodds.com/events/ufc-on-espn-31-brunson-vs-shahbazyan-1918
DWCS 4.1,2020-08-04,https://www.bestfightodds.com/events/dana-white-s-contender-series-27-1941
UFC Fight Night: Lewis vs. Oleinik,2020-08-08,https://www.bestfightodds.com/events/ufc-on-espn-32-lewis-vs-oleinik-1885
DWCS 4.2,2020-08-11,https://www.bestfightodds.com/events/dana-white-s-contender-series-28-1934
UFC 252: Miocic vs. Cormier 3,2020-08-15,https://www.bestfightodds.com/events/ufc-252-miocic-vs-cormier-3-1919
DWCS 4.3,2020-08-18,https://www.bestfightodds.com/events/dana-white-s-contender-series-29-1935
UFC Fight Night: Munhoz vs. Edgar,2020-08-22,https://www.bestfightodds.com/events/ufc-on-espn-15-munhoz-vs-edgar-1931
DWCS 4.4,2020-08-25,https://www.bestfightodds.com/events/dana-white-s-contender-series-30-1937
UFC Fight Night: Smith vs. Rakic,2020-08-29,https://www.bestfightodds.com/events/ufc-on-espn-33-smith-vs-rakic-1932
DWCS 4.5,2020-09-01,https://www.bestfightodds.com/events/dana-white-s-contender-series-31-1940
UFC Fight Night: Overeem vs. Sakai,2020-09-05,https://www.bestfightodds.com/events/ufc-on-espn-34-overeem-vs-sakai-1953
DWCS 4.6,2020-09-08,https://www.bestfightodds.com/events/dana-white-s-contender-series-32-1936
UFC Fight Night: Waterson vs. Hill,2020-09-12,https://www.bestfightodds.com/events/ufc-on-espn-35-waterson-vs-hill-1945
DWCS 4.7,2020-09-15,https://www.bestfightodds.com/events/dana-white-s-contender-series-33-1969
UFC Fight Night: Covington vs. Woodley,2020-09-19,https://www.bestfightodds.com/events/ufc-on-espn-36-covington-vs-woodley-1944
UFC 253: Adesanya vs. Costa,2020-09-26,https://www.bestfightodds.com/events/ufc-253-adesanya-vs-costa-1952
UFC Fight Night: Holm vs. Aldana,2020-10-03,https://www.bestfightodds.com/events/ufc-on-espn-16-holm-vs-aldana-1970
UFC Fight Night: Moraes vs. Sandhagen,2020-10-10,https://www.bestfightodds.com/events/ufc-on-espn-37-moraes-vs-sandhagen-1965
UFC Fight Night: Ortega vs. The Korean Zombie,2020-10-17,https://www.bestfightodds.com/events/ufc-on-espn-38-ortega-vs-the-korean-zombie-1971
UFC 254: Khabib vs. Gaethje,2020-10-24,https://www.bestfightodds.com/events/ufc-254-khabib-vs-gaethje-1958
UFC Fight Night: Hall vs. Silva,2020-10-31,https://www.bestfightodds.com/events/ufc-on-espn-39-hall-vs-silva-1973
DWCS 4.8,2020-11-04,https://www.bestfightodds.com/events/dana-white-s-contender-series-34-1968
UFC Fight Night: Santos vs. Teixeira,2020-11-07,https://www.bestfightodds.com/events/ufc-on-espn-40-santos-vs-teixeira-1974
DWCS 4.9,2020-11-10,https://www.bestfightodds.com/events/dana-white-s-contender-series-35-1951
UFC Fight Night: Felder vs. Dos Anjos,2020-11-14,https://www.bestfightodds.com/events/ufc-fight-night-182-felder-vs-dos-anjos-1981
DWCS 4.10,2020-11-17,https://www.bestfightodds.com/events/dana-white-s-contender-series-36-2012
UFC 255: Figueiredo vs. Perez,2020-11-21,https://www.bestfightodds.com/events/ufc-255-figueiredo-vs-perez-1967
UFC Fight Night: Smith vs. Clark,2020-11-28,https://www.bestfightodds.com/events/ufc-on-espn-18-smith-vs-clark-1979
UFC Fight Night: Hermansson vs. Vettori,2020-12-05,https://www.bestfightodds.com/events/ufc-on-espn-19-hermansson-vs-vettori-1982
UFC 256: Figueiredo vs. Moreno,2020-12-12,https://www.bestfightodds.com/events/ufc-256-figueiredo-vs-moreno-1983
UFC Fight Night: Thompson vs. Neal,2020-12-19,https://www.bestfightodds.com/events/ufc-fight-night-183-thompson-vs-neal-2000
UFC Fight Night: Holloway vs. Kattar,2021-01-16,https://www.bestfightodds.com/events/ufc-on-abc-1-holloway-vs-kattar-2009
UFC Fight Night: Chiesa vs. Magny,2021-01-20,https://www.bestfightodds.com/events/ufc-on-espn-20-chiesa-vs-magny-2044
UFC 257: Poirier vs. McGregor,2021-01-23,https://www.bestfightodds.com/events/ufc-257-poirier-vs-mcgregor-2-2016
UFC Fight Night: Overeem vs. Volkov,2021-02-06,https://www.bestfightodds.com/events/ufc-fight-night-184-overeem-vs-volkov-2029
UFC 258: Usman vs. Burns,2021-02-13,https://www.bestfightodds.com/events/ufc-258-usman-vs-burns-2033
UFC Fight Night: Blaydes vs. Lewis,2021-02-20,https://www.bestfightodds.com/events/ufc-fight-night-185-blaydes-vs-lewis-2035
UFC Fight Night: Rozenstruik vs. Gane,2021-02-27,https://www.bestfightodds.com/events/ufc-fight-night-186-rozenstruik-vs-gane-2039
UFC 259: Blachowicz vs. Adesanya,2021-03-06,https://www.bestfightodds.com/events/ufc-259-blachowicz-vs-adesanya-2038
UFC Fight Night: Edwards vs. Muhammad,2021-03-13,https://www.bestfightodds.com/events/ufc-fight-night-187-edwards-vs-muhammad-2048
UFC Fight Night: Brunson vs. Holland,2021-03-20,https://www.bestfightodds.com/events/ufc-on-espn-21-brunson-vs-holland-2053
UFC 260: Miocic vs. Ngannou,2021-03-27,https://www.bestfightodds.com/events/ufc-260-miocic-vs-ngannou-2-2055
UFC Fight Night: Vettori vs. Holland,2021-04-10,https://www.bestfightodds.com/events/ufc-on-abc-2-vettori-vs-holland-2061
UFC Fight Night: Whittaker vs. Gastelum,2021-04-17,https://www.bestfightodds.com/events/ufc-on-espn-22-whittaker-vs-gastelum-2062
UFC 261: Usman vs. Masvidal 2,2021-04-24,https://www.bestfightodds.com/events/ufc-261-usman-vs-masvidal-2-2087
UFC Fight Night: Reyes vs. Prochazka,2021-05-01,https://www.bestfightodds.com/events/ufc-on-espn-23-reyes-vs-prochazka-2074
UFC Fight Night: Rodriguez vs. Waterson,2021-05-08,https://www.bestfightodds.com/events/ufc-on-espn-24-rodriguez-vs-waterson-2075
UFC 262: Oliveira vs. Chandler,2021-05-15,https://www.bestfightodds.com/events/ufc-262-oliveira-vs-chandler-2086
UFC Fight Night: Font vs. Garbrandt,2021-05-22,https://www.bestfightodds.com/events/ufc-fight-night-188-font-vs-garbrandt-2085
UFC Fight Night: Rozenstruik vs. Sakai,2021-06-05,https://www.bestfightodds.com/events/ufc-fight-night-189-rozenstruik-vs-sakai-2108
UFC 263: Adesanya vs. Vettori 2,2021-06-12,https://www.bestfightodds.com/events/ufc-263-adesanya-vs-vettori-2-2115
UFC Fight Night: Jung vs. Ige,2021-06-19,https://www.bestfightodds.com/events/ufc-on-espn-the-korean-zombie-vs-ige-2130
UFC Fight Night: Gane vs. Volkov,2021-06-26,https://www.bestfightodds.com/events/ufc-fight-night-190-gane-vs-volkov-2109
UFC 264: Poirier vs. McGregor 3,2021-07-10,https://www.bestfightodds.com/events/ufc-264-poirier-vs-mcgregor-3-2127
UFC Fight Night: Makhachev vs. Moises,2021-07-17,https://www.bestfightodds.com/events/ufc-on-espn-makhachev-vs-moises-2139
UFC Fight Night: Sandhagen vs. Dillashaw,2021-07-24,https://www.bestfightodds.com/events/ufc-on-espn-sandhagen-vs-dillashaw-2137
UFC Fight Night: Hall vs. Strickland,2021-07-31,https://www.bestfightodds.com/events/ufc-on-espn-hall-vs-strickland-2165
UFC 265: Lewis vs. Gane,2021-08-07,https://www.bestfightodds.com/events/ufc-265-lewis-vs-gane-2142
UFC Fight Night: Cannonier vs. Gastelum,2021-08-21,https://www.bestfightodds.com/events/ufc-on-espn-cannonier-vs-gastelum-2166
UFC Fight Night: Barboza vs. Chikadze,2021-08-28,https://www.bestfightodds.com/events/ufc-on-espn-barboza-vs-chikadze-2251
DWCS 5.1,2021-08-31,https://www.bestfightodds.com/events/dwcs-week-1-2278
UFC Fight Night: Brunson vs. Till,2021-09-04,https://www.bestfightodds.com/events/ufc-fight-night-191-2213
DWCS 5.2,2021-09-07,https://www.bestfightodds.com/events/dwcs-week-2-2277
DWCS 5.3,2021-09-14,https://www.bestfightodds.com/events/dwcs-week-3-2295
UFC Fight Night: Smith vs. Spann,2021-09-18,https://www.bestfightodds.com/events/ufc-fight-night-smith-vs-spann-2171
DWCS 5.4,2021-09-21,https://www.bestfightodds.com/events/dwcs-week-4-2310
UFC 266: Volkanovski vs. Ortega,2021-09-25,https://www.bestfightodds.com/events/ufc-266-volkanovski-vs-ortega-2177
DWCS 5.5,2021-09-28,https://www.bestfightodds.com/events/dwcs-week-5-2321
UFC Fight Night: Santos vs. Walker,2021-10-02,https://www.bestfightodds.com/events/ufc-fight-night-santos-vs-walker-2167
DWCS 5.6,2021-10-05,https://www.bestfightodds.com/events/dwcs-week-6-2328
UFC Fight Night: Dern vs. Rodriguez,2021-10-09,https://www.bestfightodds.com/events/ufc-fight-night-dern-vs-rodriguez-2173
DWCS 5.7,2021-10-12,https://www.bestfightodds.com/events/dwcs-week-7-2333
UFC Fight Night: Ladd vs. Dumont,2021-10-16,https://www.bestfightodds.com/events/ufc-fight-night-ladd-vs-dumont-2178
DWCS 5.8,2021-10-19,https://www.bestfightodds.com/events/dana-white-s-contender-series-2342
UFC Fight Night: Costa vs. Vettori,2021-10-23,https://www.bestfightodds.com/events/ufc-fight-night-costa-vs-vettori-2203
DWCS 5.9,2021-10-26,https://www.bestfightodds.com/events/dwcs-week-9-2347
UFC 267: Blachowicz vs. Teixeira,2021-10-30,https://www.bestfightodds.com/events/ufc-267-brachowicz-vs-teixeira-2217
DWCS 5.10,2021-11-02,https://www.bestfightodds.com/events/dana-white-s-contender-series-2346
UFC 268: Usman vs. Covington 2,2021-11-06,https://www.bestfightodds.com/events/ufc-268-usman-vs-covington-2-2246
UFC Fight Night: Holloway vs. Rodriguez,2021-11-13,https://www.bestfightodds.com/events/ufc-fight-night-holloway-vs-rodriguez-2224
UFC Fight Night: Vieira vs. Tate,2021-11-20,https://www.bestfightodds.com/events/ufc-fight-night-vieira-vs-tate-2237
UFC Fight Night: Font vs. Aldo,2021-12-04,https://www.bestfightodds.com/events/ufc-fight-night-font-vs-aldo-2259
UFC 269: Oliveira vs. Poirier,2021-12-11,https://www.bestfightodds.com/events/ufc-269-2279
UFC Fight Night: Lewis vs. Daukaus,2021-12-18,https://www.bestfightodds.com/events/ufc-fight-night-lewis-vs-daukaus-2286
UFC Fight Night: Kattar vs. Chikadze,2022-01-15,https://www.bestfightodds.com/events/ufc-fight-night-201-2320
UFC 270: Ngannou vs. Gane,2022-01-22,https://www.bestfightodds.com/events/ufc-270-2322
UFC Fight Night: Hermansson vs. Strickland,2022-02-05,https://www.bestfightodds.com/events/ufc-vegas-47-2430
UFC 271: Adesanya vs. Whittaker 2,2022-02-12,https://www.bestfightodds.com/events/ufc-271-2338
UFC Fight Night: Walker vs. Hill,2022-02-19,https://www.bestfightodds.com/events/ufc-2413
UFC Fight Night: Makhachev vs. Green,2022-02-26,https://www.bestfightodds.com/events/ufc-fight-night-203-2343
UFC 272: Covington vs. Masvidal,2022-03-05,https://www.bestfightodds.com/events/ufc-fight-night-204-2380
UFC Fight Night: Santos vs. Ankalaev,2022-03-12,https://www.bestfightodds.com/events/ufc-2414
UFC Fight Night: Volkov vs. Aspinall,2022-03-19,https://www.bestfightodds.com/events/ufc-fight-night-205-2376
UFC Fight Night: Blaydes vs. Daukaus,2022-03-26,https://www.bestfightodds.com/events/ufc-fight-night-207-2391
UFC 273: Volkanovski vs. The Korean Zombie,2022-04-09,https://www.bestfightodds.com/events/ufc-273-2411
UFC Fight Night: Luque vs. Muhammad,2022-04-16,https://www.bestfightodds.com/events/ufc-fight-night-ufc-fight-night-206-2412
UFC Fight Night: Lemos vs. Andrade,2022-04-23,https://www.bestfightodds.com/events/ufc-fight-night-lemos-vs-andrade-2435
UFC Fight Night: Font vs. Vera,2022-04-30,https://www.bestfightodds.com/events/ufc-fight-night-font-vs-vera-2474
UFC 274: Oliveira vs. Gaethje,2022-05-07,https://www.bestfightodds.com/events/ufc-274-oliveira-vs-gaethje-2422
UFC Fight Night: Blachowicz vs. Rakic,2022-05-14,https://www.bestfightodds.com/events/ufc-fight-night-208-2418
UFC Fight Night: Holm vs. Vieira,2022-05-21,https://www.bestfightodds.com/events/ufc-fight-night-2010-2428
UFC Fight Night: Volkov vs. Rozenstruik,2022-06-04,https://www.bestfightodds.com/events/ufc-fight-night-211-2441
Road to UFC 1.1,2022-06-09,https://www.bestfightodds.com/events/road-to-ufc-2-2557
Road to UFC 1.2,2022-06-09,https://www.bestfightodds.com/events/road-to-ufc-2-2557
Road to UFC 1.3,2022-06-10,https://www.bestfightodds.com/events/road-to-ufc-4-2558
Road to UFC 1.4,2022-06-10,https://www.bestfightodds.com/events/road-to-ufc-4-2558
UFC 275: Teixeira vs. Prochazka,2022-06-11,https://www.bestfightodds.com/events/ufc-275-teixeira-vs-prochazka-2561
UFC Fight Night: Kattar vs. Emmett,2022-06-18,https://www.bestfightodds.com/events/ufc-fight-night-kattar-vs-emmett-2523
UFC Fight Night: Tsarukyan vs. Gamrot,2022-06-25,https://www.bestfightodds.com/events/ufc-on-espn-tsarukyan-vs-gamrot-2574
UFC 276: Adesanya vs. Cannonier,2022-07-02,https://www.bestfightodds.com/events/ufc-276-adesanya-vs-cannonier-2478
UFC Fight Night: Dos Anjos vs. Fiziev,2022-07-09,https://www.bestfightodds.com/events/ufc-on-espn-dos-anjos-vs-fiziev-2501
UFC Fight Night: Ortega vs. Rodriguez,2022-07-16,https://www.bestfightodds.com/events/ufc-on-abc-ortega-vs-rodriguez-2524
UFC Fight Night: Blaydes vs. Aspinall,2022-07-23,https://www.bestfightodds.com/events/ufc-fight-night-blaydes-vs-aspinall-2519
DWCS 6.1,2022-07-26,https://www.bestfightodds.com/events/dwcs-week-1-2591
UFC 277: Pena vs. Nunes 2,2022-07-30,https://www.bestfightodds.com/events/ufc-277-pena-vs-nunes-2-2517
DWCS 6.2,2022-08-02,https://www.bestfightodds.com/events/dwcs-week-2-2602
UFC Fight Night: Santos vs. Hill,2022-08-06,https://www.bestfightodds.com/events/ufc-on-espn-santos-vs-hill-2534
DWCS 6.3,2022-08-09,https://www.bestfightodds.com/events/dwcs-week-3-2609
UFC Fight Night: Vera vs. Cruz,2022-08-13,https://www.bestfightodds.com/events/ufc-fight-night-vera-vs-cruz-2552
DWCS 6.4,2022-08-16,https://www.bestfightodds.com/events/dwcs-week-4-2618
UFC 278: Usman vs. Edwards,2022-08-20,https://www.bestfightodds.com/events/ufc-278-usman-vs-edwards-2-2545
DWCS 6.5,2022-08-23,https://www.bestfightodds.com/events/dwcs-week-5-2623
DWCS 6.6,2022-08-30,https://www.bestfightodds.com/events/dwcs-week-6-2630
UFC Fight Night: Gane vs. Tuivasa,2022-09-03,https://www.bestfightodds.com/events/ufc-fight-night-gane-vs-tuivasa-2518
DWCS 6.7,2022-09-06,https://www.bestfightodds.com/events/dwcs-week-7-2638
UFC 279: Diaz vs. Ferguson,2022-09-10,https://www.bestfightodds.com/events/ufc-279-2541
DWCS 6.8,2022-09-13,https://www.bestfightodds.com/events/dwcs-week-8-2642
UFC Fight Night: Sandhagen vs. Song,2022-09-17,https://www.bestfightodds.com/events/ufc-fight-night-211-2569
DWCS 6.9,2022-09-20,https://www.bestfightodds.com/events/dwcs-week-9-2650
DWCS 6.10,2022-09-27,https://www.bestfightodds.com/events/dwcs-week-10-2658
UFC Fight Night: Dern vs. Yan,2022-10-01,https://www.bestfightodds.com/events/ufc-vegas-57-2489
UFC Fight Night: Grasso vs. Araujo,2022-10-15,https://www.bestfightodds.com/events/ufc-fight-night-212-2579
UFC 280: Oliveira vs. Makhachev,2022-10-22,https://www.bestfightodds.com/events/ufc-281-2586
Road to UFC 1.5,2022-10-23,https://www.bestfightodds.com/events/road-to-ufc-2681
Road to UFC 1.6,2022-10-23,https://www.bestfightodds.com/events/road-to-ufc-2681
UFC Fight Night: Kattar vs. Allen,2022-10-29,https://www.bestfightodds.com/events/ufc-fight-night-213-2606
UFC Fight Night: Rodriguez vs. Lemos,2022-11-05,https://www.bestfightodds.com/events/ufc-fight-night-214ting-championship-2612
UFC 281: Adesanya vs. Pereira,2022-11-12,https://www.bestfightodds.com/events/ufc-281-2529
UFC Fight Night: Nzechukwu vs. Cutelaba,2022-11-19,https://www.bestfightodds.com/events/ufc-fight-night-215-2633
UFC Fight Night: Thompson vs. Holland,2022-12-03,https://www.bestfightodds.com/events/ufc-fight-night-214-2607
UFC 282: Blachowicz vs. Ankalaev,2022-12-10,https://www.bestfightodds.com/events/ufc-282-2621
UFC Fight Night: Cannonier vs. Strickland,2022-12-17,https://www.bestfightodds.com/events/ufc-fight-night-217-2632
UFC Fight Night: Strickland vs. Imavov,2023-01-14,https://www.bestfightodds.com/events/ufc-fight-night-218-2666
UFC 283: Teixeira vs. Hill,2023-01-21,https://www.bestfightodds.com/events/ufc-283-2635
UFC Fight Night: Lewis vs. Spivac,2023-02-04,https://www.bestfightodds.com/events/ufc-fight-night-lewis-vs-spivak-2747
UFC 284: Makhachev vs. Volkanovski,2023-02-11,https://www.bestfightodds.com/events/ufc-284-makhachev-vs-volkanovski-2710
UFC Fight Night: Andrade vs. Blanchfield,2023-02-18,https://www.bestfightodds.com/events/ufc-fight-night-219-2700
UFC Fight Night: Muniz vs. Allen,2023-02-25,https://www.bestfightodds.com/events/ufc-fight-night-220-2709
UFC 285: Jones vs. Gane,2023-03-04,https://www.bestfightodds.com/events/ufc-285-2738
UFC Fight Night: Yan vs. Dvalishvili,2023-03-11,https://www.bestfightodds.com/events/ufc-fight-night-221-2719
